id,Election,Middle East,Civil War-1860,Faith-Humanity,Labor China,Topic 6,Civil Right 1960,Economy,immegiration,Strategic resources,Topic 11,World War II,Industry Job,Topic 14,Colonialism,Agriculture,Education&Health,Topic 18,Militry Threat,Currency
1,0,0,0,0.14917964,0,0.84754765,0,0,0,0,0,0,0,0,0,0,0,0,0,0
2,0,0,0,0.113923565,0,0.7200226,0,0,0.016804367,0,0,0,0,0,0,0,0,0.14100197,0,0
3,0,0,0,0,0.02248761,0.97245616,0,0,0,0,0,0,0,0,0,0,0,0,0,0
4,0,0,0.12255076,0,0,0.34306124,0.2545901,0,0.2765057,0,0,0,0,0,0,0,0,0,0,0
5,0,0,0,0,0,0.9379992,0,0,0.058970537,0,0,0,0,0,0,0,0,0,0,0
6,0,0,0,0,0,0.99788886,0,0,0,0,0,0,0,0,0,0,0,0,0,0
7,0,0,0.75963634,0,0,0.20703031,0,0,0,0,0,0,0,0,0,0,0,0,0,0
8,0,0,0,0,0,0.79480904,0,0,0,0,0,0,0,0,0,0,0,0.047697283,0,0.15578686
9,0,0,0.5060308,0,0,0,0,0,0.47560182,0,0,0,0,0,0,0,0,0,0,0
10,0,0,0.49004617,0,0,0,0,0,0,0,0,0,0,0.477811,0,0,0,0,0,0
11,0,0,0.11204356,0,0,0,0,0,0,0,0,0,0,0.59334785,0.27484113,0,0,0,0,0
12,0,0,0,0,0,0.92567647,0,0,0.07147543,0,0,0,0,0,0,0,0,0,0,0
13,0,0,0.67945635,0,0,0.19656076,0,0,0.075594604,0,0,0,0,0,0,0,0,0.045790937,0,0
14,0,0,0.41905203,0,0,0.5743303,0,0,0,0,0,0,0,0,0,0,0,0,0,0
15,0,0,0.2243469,0,0,0.72714156,0,0,0,0,0.023122493,0,0,0,0,0,0,0,0,0.024148759
16,0,0,0.793445,0,0,0,0,0,0.19737135,0,0,0,0,0,0,0,0,0,0,0
17,0,0,0,0,0,0.9592344,0,0,0.038804807,0,0,0,0,0,0,0,0,0,0,0
18,0,0,0.07717232,0,0,0.5306757,0,0,0,0,0,0,0,0.24183302,0,0,0,0.14584967,0,0
19,0,0,0,0.11507526,0,0.3865508,0.08763248,0,0.1991931,0,0.092627995,0,0,0,0,0.11657135,0,0,0,0
20,0,0,0,0.08721056,0,0.834204,0,0,0,0,0,0,0.07198049,0,0,0,0,0,0,0
21,0,0,0,0,0,0.7173998,0,0,0.2811984,0,0,0,0,0,0,0,0,0,0,0
22,0,0,0,0.19261143,0,0.7703859,0,0,0,0,0,0,0,0.035092555,0,0,0,0,0,0
23,0,0,0,0,0,0.8453644,0,0,0.15319097,0,0,0,0,0,0,0,0,0,0,0
24,0,0,0,0.017369242,0,0.61602455,0,0,0.2483124,0,0,0,0,0,0.072144866,0,0,0,0,0.044412825
25,0,0,0.038627505,0.2802834,0,0.6453825,0,0,0,0.029780628,0,0,0,0,0,0,0,0,0,0
26,0,0,0,0,0,0.71567994,0,0,0.2728153,0,0,0,0,0,0,0,0,0,0,0
27,0,0,0,0.2565422,0,0.28786004,0.21775545,0,0,0,0,0,0,0,0,0,0,0.23472948,0,0
28,0,0,0.04293461,0,0,0.7658833,0,0,0.14416753,0,0,0,0,0,0.040901896,0,0,0,0,0
29,0,0,0.92574716,0,0,0,0.059736732,0,0,0,0,0,0,0,0,0,0,0,0,0
30,0,0,0,0,0,0.97304946,0,0,0,0,0,0,0,0,0,0,0,0.023792656,0,0
31,0,0,0,0.3532923,0,0.6441215,0,0,0,0,0,0,0,0,0,0,0,0,0,0
32,0.054299146,0,0.08599388,0.075470924,0.057974767,0.63171035,0,0,0,0,0,0,0,0,0,0,0,0.09135459,0,0
33,0,0,0.02462181,0,0,0.90276223,0,0,0,0,0,0,0,0,0,0,0,0,0,0.07133201
34,0,0,0,0.2844753,0,0.70077056,0,0,0,0,0,0,0,0,0,0,0,0,0,0
35,0,0,0,0.0953241,0,0.6250682,0.2532835,0,0.021618295,0,0,0,0,0,0,0,0,0,0,0
36,0,0,0,0,0,0.8561602,0,0,0.14183979,0,0,0,0,0,0,0,0,0,0,0
37,0,0,0.041822124,0,0,0.67080975,0,0,0.20879467,0.050889697,0,0,0,0,0,0.025014732,0,0,0,0
38,0,0,0,0,0.01565881,0.23941864,0,0,0.71447086,0,0,0.028842058,0,0,0,0,0,0,0,0
39,0,0,0,0,0,0.8366952,0,0,0.14903401,0,0,0.01250736,0,0,0,0,0,0,0,0
40,0,0,0,0.14683644,0,0.18707399,0.28123215,0,0.38075483,0,0,0,0,0,0,0,0,0,0,0
41,0,0,0,0,0,0.75530976,0,0,0.18798086,0,0,0,0,0,0,0,0,0,0,0.054524302
42,0,0,0,0.16657007,0,0.7869567,0,0,0,0.03179503,0,0,0,0,0,0,0,0,0,0
43,0,0,0,0,0.016979925,0.6656795,0,0,0.2925623,0,0,0,0,0,0,0.023369817,0,0,0,0
44,0,0,0,0,0,0.12154306,0,0,0.6940114,0,0,0,0,0,0.18059939,0,0,0,0,0
45,0,0,0,0.30464107,0,0.17667466,0.08177625,0,0.21461834,0.10423882,0,0,0,0,0,0.11350538,0,0,0,0
46,0,0,0.5545064,0,0,0,0,0,0.43438244,0,0,0,0,0,0,0,0,0,0,0
47,0,0,0,0,0,0.628084,0,0,0.3268899,0,0,0.031669434,0,0,0,0,0,0,0,0.011986836
48,0,0,0,0.40298057,0,0,0.1879049,0,0.40420118,0,0,0,0,0,0,0,0,0,0,0
49,0,0,0.10103663,0,0,0.32568926,0,0,0.5510395,0,0,0,0,0.020665955,0,0,0,0,0,0
50,0,0,0,0,0,0.32947487,0,0,0.35120344,0,0,0.31598836,0,0,0,0,0,0,0,0
51,0,0,0.18979798,0,0,0.24319236,0,0,0.56337714,0,0,0,0,0,0,0,0,0,0,0
52,0,0,0,0,0,0.6632666,0,0,0.33492613,0,0,0,0,0,0,0,0,0,0,0
53,0,0,0,0,0,0.83911765,0,0,0.08972472,0,0,0.038443074,0,0,0,0,0,0,0,0.031280845
54,0,0,0,0,0,0.9274331,0,0,0,0,0,0,0.06884792,0,0,0,0,0,0,0
55,0,0,0,0.382184,0,0.6025618,0,0,0,0,0,0,0,0,0,0,0,0,0,0
56,0,0,0,0,0,0.6781028,0,0,0.21178539,0,0,0,0,0,0.03998606,0,0,0,0,0.066647515
57,0,0,0,0,0,0.8942984,0,0,0.10331433,0,0,0,0,0,0,0,0,0,0,0
58,0,0,0.26339653,0,0,0.26175165,0,0,0.3740729,0,0,0,0,0,0.0944297,0,0,0,0,0
59,0,0,0,0,0,0.85613674,0,0,0.068760455,0,0,0,0,0,0.07348067,0,0,0,0,0
60,0,0,0.40835804,0.23463328,0,0.34520316,0,0,0,0,0,0,0,0,0,0,0,0,0,0
61,0,0,0,0,0,0.79718626,0,0,0.11969503,0,0,0,0,0,0.081435554,0,0,0,0,0
62,0,0,0.060730625,0,0,0.5793911,0,0,0.04134172,0,0,0.014184663,0,0.09848521,0.18419859,0,0,0.020689167,0,0
63,0,0,0,0,0,0,0,0,0,0,0,0,0,0,0,0,0,0.9827273,0,0
64,0,0,0,0.27107346,0,0.40621215,0,0,0,0,0,0,0,0,0,0,0,0.30900475,0,0
65,0,0,0,0,0,0.73470247,0,0,0.15565343,0,0,0.07125934,0,0,0.037302203,0,0,0,0,0
66,0,0,0,0.19481184,0,0.66872543,0,0,0,0,0,0.0888414,0,0,0,0,0,0,0,0.044231478
67,0,0,0,0,0,0.7655331,0,0,0.037063837,0,0,0.034727335,0,0,0.12581904,0,0,0,0,0.030054163
68,0,0,0.07729577,0.32112733,0,0.5372009,0,0,0,0,0,0,0,0,0,0,0,0.059437674,0,0
69,0,0,0,0,0,0.6735945,0,0,0.13290583,0,0,0.09469184,0,0,0.057699963,0,0,0.040071957,0,0
70,0,0,0.059976086,0.13156459,0,0.39349556,0,0,0.20115733,0,0,0,0,0,0,0,0,0.20942046,0,0
71,0,0,0,0.057889942,0,0.5674628,0,0,0.15871382,0,0,0.21430077,0,0,0,0,0,0,0,0
72,0,0,0,0,0,0.71544427,0,0,0,0,0,0,0,0,0,0,0,0,0,0.28117228
73,0,0,0,0,0,0.99472225,0,0,0,0,0,0,0,0,0,0,0,0,0,0
74,0,0,0,0,0,0.8589218,0,0,0,0,0,0,0,0,0,0,0,0,0,0.13972686
75,0,0,0.021784095,0,0,0.8229625,0,0,0,0,0,0,0,0,0.041536957,0,0,0,0,0.11258652
76,0,0,0.17761941,0,0,0.6481126,0,0,0,0.168854,0,0,0,0,0,0,0,0,0,0
77,0,0,0,0,0,0.99856496,0,0,0,0,0,0,0,0,0,0,0,0,0,0
78,0,0,0,0,0,0.7611062,0,0,0.14495958,0,0,0,0,0,0.060854178,0,0,0,0,0.032142155
79,0,0,0,0,0,0.6122395,0,0,0.24434365,0,0,0,0,0,0.14243871,0,0,0,0,0
80,0,0,0,0,0,0.5067025,0,0,0.3117434,0,0,0,0,0,0.18064208,0,0,0,0,0
81,0,0,0,0,0,0.78006506,0,0,0.15163131,0,0,0,0,0,0.06706993,0,0,0,0,0
82,0,0,0,0,0,0.8237653,0,0,0.064021885,0,0,0,0,0,0.10382931,0,0,0,0,0
83,0,0,0.17084502,0.6410415,0,0,0,0,0,0,0,0,0,0,0.17845437,0,0,0,0,0
84,0,0,0.020580856,0,0,0.5902614,0,0,0.065192096,0,0,0,0,0,0.3232469,0,0,0,0,0
85,0,0,0,0,0,0.77835023,0,0,0.035518788,0,0,0,0,0,0.15906414,0,0,0.026233487,0,0
86,0,0,0,0,0,0.57568234,0,0,0.2580827,0,0,0,0,0,0.12588346,0,0,0,0,0.037990212
87,0,0,0,0,0,0.70713675,0,0,0.18172796,0,0,0,0,0,0.11062016,0,0,0,0,0
88,0,0,0,0.15417953,0,0.80638206,0,0,0,0,0,0,0.036413766,0,0,0,0,0,0,0
89,0,0,0,0.040080052,0,0.70344555,0,0,0.084939994,0,0,0,0,0,0.06766315,0,0,0,0,0.10311573
90,0,0,0.040067077,0,0,0.60408986,0,0,0.03187086,0,0,0,0,0,0.32012606,0,0,0,0,0
91,0,0,0,0,0,0.617903,0,0,0.024905631,0,0,0,0,0,0.34745878,0,0,0,0,0
92,0,0,0.45454136,0,0,0.33901525,0,0,0.20329523,0,0,0,0,0,0,0,0,0,0,0
93,0,0,0,0,0,0.6900519,0,0,0.11762019,0,0,0,0,0,0.12881915,0,0,0,0,0.06292689
94,0,0,0,0,0,0.61280936,0,0,0,0,0,0,0,0,0.30621818,0,0,0,0,0.08037767
95,0,0,0,0.026617145,0,0.9692105,0,0,0,0,0,0,0,0,0,0,0,0,0,0
96,0,0,0,0,0,0,0,0,0,0,0,0,0,0,0.98855424,0,0,0,0,0
97,0,0,0.015790077,0,0,0.7999056,0,0,0,0.025897944,0,0,0,0,0,0,0,0,0,0.14657101
98,0,0,0,0,0,0.9569396,0,0,0,0.03773821,0,0,0,0,0,0,0,0,0,0
99,0,0,0,0,0,0.72600275,0,0,0.12800343,0,0,0,0,0,0,0,0,0.14017189,0,0
100,0,0,0,0,0,0,0,0,0,0,0,0,0,0,0.9947514,0,0,0,0,0
101,0,0,0,0,0,0.8702403,0,0,0,0.019814901,0,0,0,0,0,0,0,0,0,0.09776535
102,0,0,0.37552357,0,0,0.46483883,0,0,0.15776531,0,0,0,0,0,0,0,0,0,0,0
103,0,0,0,0,0,0.6782946,0,0,0.114697576,0,0,0,0,0,0.11410197,0,0,0,0,0.08790964
104,0,0,0,0,0.0739248,0.91438687,0,0,0,0,0,0,0,0,0,0,0,0,0,0
105,0,0,0.1989322,0,0,0.5352876,0,0,0,0.12216963,0,0,0,0.04886344,0,0,0,0,0,0.0942376
106,0,0,0.45809618,0.04283107,0,0.4985348,0,0,0,0,0,0,0,0,0,0,0,0,0,0
107,0,0,0,0,0,0.86171263,0,0,0,0,0,0,0,0,0,0,0,0,0,0.13220708
108,0,0,0,0,0,0.9010029,0,0,0.09149714,0,0,0,0,0,0,0,0,0,0,0
109,0,0,0.5941045,0,0,0.3943768,0,0,0,0,0,0,0,0,0.011135585,0,0,0,0,0
110,0,0,0.050002437,0.14776939,0,0.7981805,0,0,0,0,0,0,0,0,0,0,0,0,0,0
111,0,0,0,0,0,0.45412427,0,0,0,0,0,0,0,0.37405595,0,0,0,0,0,0.17118448
112,0,0,0,0,0,0,0,0,0,0,0,0,0,0.3916579,0,0,0,0.59334207,0,0
113,0,0,0,0,0,0.70071477,0,0,0.020249918,0,0,0,0,0,0.08037896,0,0,0,0,0.19811912
114,0,0,0.06271406,0,0,0.15146399,0,0,0,0,0,0,0,0.78419244,0,0,0,0,0,0
115,0,0,0,0,0,0.15355481,0,0,0,0,0,0,0,0.47382185,0,0,0,0.3623824,0,0
116,0,0,0,0,0,0.78791535,0,0,0.024576839,0,0,0,0,0.025672939,0,0,0,0,0,0.15341257
117,0,0,0,0,0,0.8147841,0,0,0,0,0,0,0,0.043103043,0.03718199,0,0,0,0,0.09789176
118,0,0,0,0,0,0.6415518,0,0,0.1548257,0,0,0,0,0,0.20120084,0,0,0,0,0
119,0,0,0,0,0,0.601075,0,0,0,0,0,0,0,0,0,0.019108402,0,0,0,0.37918684
120,0,0,0,0.09010148,0,0.8080027,0,0,0,0,0,0,0.0836381,0,0,0,0,0,0,0.017787168
121,0,0,0.026773786,0.075581014,0,0.83872944,0,0,0,0,0,0,0.058002524,0,0,0,0,0,0,0
122,0,0,0,0,0,0.7086941,0,0,0,0,0,0,0,0,0,0,0,0,0,0.2825432
123,0,0,0,0,0,0.6609878,0,0,0.063394874,0,0,0,0,0,0,0,0,0,0,0.26595154
124,0,0,0.34441036,0,0,0,0,0,0.6437475,0,0,0,0,0,0,0,0,0,0,0
125,0,0,0.5909412,0,0,0.19207512,0,0,0,0,0,0,0,0,0.20732461,0,0,0,0,0
126,0,0,0.03376632,0,0,0.6297551,0,0,0.046199366,0,0,0,0,0,0,0,0,0,0,0.28975567
127,0,0,0,0,0,0.3225083,0,0,0.6750635,0,0,0,0,0,0,0,0,0,0,0
128,0,0,0,0,0,0.6187641,0,0,0,0,0,0,0,0,0,0,0,0,0,0.37863466
129,0,0,0,0,0,0.7337549,0,0,0.09431298,0,0,0,0.02241912,0,0,0,0,0,0,0.14908221
130,0,0,0,0,0,0,0,0,0.9304126,0,0,0,0,0.06485054,0,0,0,0,0,0
131,0,0,0,0,0,0,0.27737117,0,0,0,0,0,0,0,0.6726289,0,0,0,0,0
132,0,0,0.09778226,0.0881907,0,0.7516259,0.010887536,0,0,0,0,0,0.026481519,0.024564229,0,0,0,0,0,0
133,0,0,0.09101671,0,0,0.7772386,0.025690574,0,0,0,0,0,0.058947377,0.04479906,0,0,0,0,0,0
134,0,0,0,0,0,0.6542046,0,0,0,0,0,0,0,0,0,0,0,0,0,0.345008
135,0,0,0.25720102,0,0,0.26384988,0,0,0,0,0,0,0,0.3964402,0,0,0,0,0,0.08091525
136,0,0,0.3043737,0,0,0.6266841,0,0,0,0.06706579,0,0,0,0,0,0,0,0,0,0
137,0,0,0.024372863,0,0,0.5610477,0,0,0.091006614,0,0,0,0,0,0,0,0,0,0,0.32308114
138,0,0,0,0,0,0.77681565,0,0,0,0,0,0,0.0502997,0,0,0.025293475,0,0,0,0.14593832
139,0,0,0,0,0,0.7756352,0,0,0.21848252,0,0,0,0,0,0,0,0,0,0,0
140,0,0,0,0,0,0,0,0,0.9994865,0,0,0,0,0,0,0,0,0,0,0
141,0,0,0,0,0,0.3750384,0,0,0.13430198,0,0,0,0,0,0.358729,0.12596045,0,0,0,0
142,0,0,0.08487472,0,0,0.5299788,0,0.012798635,0,0,0,0,0,0,0,0.044337448,0,0,0,0.32676244
143,0,0,0,0,0.07835468,0.39944488,0,0,0.19926986,0,0,0,0,0,0.32039094,0,0,0,0,0
144,0,0,0.012736404,0,0,0.576019,0,0,0.054172065,0,0,0,0,0,0,0,0,0,0,0.35659632
145,0,0,0,0,0,0.6103037,0,0,0.06885075,0,0,0,0,0,0.012423824,0,0,0,0,0.30092114
146,0,0,0.066202104,0,0,0.32509348,0,0,0.54248154,0,0,0,0,0.06402509,0,0,0,0,0,0
147,0,0,0.18634915,0,0,0.46235463,0,0,0.3389842,0,0,0,0,0,0,0,0,0,0,0
148,0,0,0,0.043774687,0,0.58752304,0,0,0.3662667,0,0,0,0,0,0,0,0,0,0,0
149,0,0,0,0,0,0.67953026,0,0,0.1597206,0,0,0,0,0,0,0,0,0,0,0.16028339
150,0,0,0.13317658,0,0,0.08419143,0,0,0.5481958,0.04492906,0,0,0,0.06984581,0.117029704,0,0,0,0,0
151,0,0,0.097948976,0.06493783,0,0.7533312,0,0,0.01880763,0,0,0,0.06418656,0,0,0,0,0,0,0
152,0,0,0.018700888,0,0,0.35836437,0,0,0.31657812,0,0,0,0,0,0.110556506,0,0,0,0,0.18615414
153,0,0,0,0,0,0.5943554,0,0,0.3715336,0,0,0,0,0.029253805,0,0,0,0,0,0
154,0,0,0.041811462,0,0,0.32176882,0,0,0.6249391,0,0,0,0,0,0,0,0,0,0,0
155,0,0,0.013685226,0,0,0.11831249,0,0,0.8666966,0,0,0,0,0,0,0,0,0,0,0
156,0,0,0,0,0,0,0,0,0,0,0,0,0,0,0,0,0,0.97682923,0,0
157,0,0,0,0,0,0,0,0,0.6833286,0,0,0,0,0.3095285,0,0,0,0,0,0
158,0,0,0.07176499,0,0,0.7251311,0,0,0.039335214,0,0,0,0,0,0,0.033858508,0,0,0,0.12850039
159,0,0,0,0,0,0.31765825,0,0,0.67109174,0,0,0,0,0,0,0,0,0,0,0
160,0,0,0,0,0,0.2888617,0,0,0.70480025,0,0,0,0,0,0,0,0,0,0,0
161,0,0,0,0,0,0.5283399,0,0,0.3592126,0,0,0,0,0.10300302,0,0,0,0,0,0
162,0,0,0,0,0,0.54225117,0,0,0.19563688,0.25343853,0,0,0,0,0,0,0,0,0,0
163,0,0,0,0,0,0.3422597,0,0,0.48158097,0,0,0,0,0,0.08444182,0,0,0,0,0.08273923
164,0,0,0,0,0,0.5960138,0.010964566,0,0.099411644,0.07860467,0,0,0,0,0,0,0,0.11931168,0,0.09343565
165,0,0,0,0,0,0.3797887,0,0,0.35257486,0,0,0.01504417,0,0,0.031091943,0,0,0,0,0.22126873
166,0,0,0,0,0,0.124168724,0,0,0.8680726,0,0,0,0,0,0,0,0,0,0,0
167,0,0,0,0.07518324,0,0.5616399,0,0,0.09132838,0,0,0,0,0,0.26450905,0,0,0,0,0
168,0,0,0,0.12635654,0,0.2751283,0,0,0.5935733,0,0,0,0,0,0,0,0,0,0,0
169,0,0,0.34515738,0,0,0,0,0,0.19315775,0,0,0,0,0,0.3234062,0,0,0.11722605,0,0
170,0,0,0.04387884,0,0,0.03316969,0,0,0.8745879,0,0,0,0,0,0.04701453,0,0,0,0,0
171,0,0,0,0,0,0,0,0,0.8849914,0.104896195,0,0,0,0,0,0,0,0,0,0
172,0,0,0.38334104,0.04841348,0,0.46880773,0,0,0.097801745,0,0,0,0,0,0,0,0,0,0,0
173,0,0,0.092627294,0,0,0.4627674,0,0,0.15080175,0,0,0,0,0,0,0,0,0,0,0.27569646
174,0,0,0,0,0,0.4045717,0,0,0.25270203,0,0,0.038320772,0,0,0.30314568,0,0,0,0,0
175,0,0,0.17972544,0,0,0.10535203,0,0,0.5905453,0,0,0,0,0.12337849,0,0,0,0,0,0
176,0,0,0.01465533,0,0,0.9091453,0,0,0,0,0,0,0,0.07261286,0,0,0,0,0,0
177,0,0,0,0,0,0.38021225,0,0,0.30196068,0.028502572,0,0,0,0.02690278,0.037953414,0,0,0,0,0.22402719
178,0,0,0.25182858,0,0,0.4987148,0,0,0.24663268,0,0,0,0,0,0,0,0,0,0,0
179,0,0,0,0,0,0.108613335,0,0,0.7451635,0,0,0,0,0,0.14213662,0,0,0,0,0
180,0,0,0.3770611,0,0,0.13964207,0,0,0.4818895,0,0,0,0,0,0,0,0,0,0,0
181,0,0,0.3465203,0,0,0.25849792,0,0,0.38789847,0,0,0,0,0,0,0,0,0,0,0
182,0,0,0.3041557,0,0.034358352,0,0,0,0.5848245,0,0,0,0,0,0,0,0,0,0,0.0720637
183,0,0,0.02328628,0,0,0.5183644,0,0,0.13844733,0.019671472,0,0,0,0,0,0,0,0,0,0.28936696
184,0,0,0.67753154,0,0,0.11118262,0,0,0.1928799,0,0,0,0,0,0,0,0,0,0,0
185,0,0,0.024401236,0,0,0.22715864,0,0,0.31065893,0,0,0,0,0,0.057535697,0,0,0,0,0.36616576
186,0,0,0,0,0,0,0.99661976,0,0,0,0,0,0,0,0,0,0,0,0,0
187,0,0,0,0,0,0.443904,0,0,0.17693645,0.011064728,0,0,0,0,0.055079326,0,0,0,0,0.3066388
188,0,0,0,0.16424373,0,0.6342654,0,0,0,0,0,0,0.20007885,0,0,0,0,0,0,0
189,0,0,0,0.013548839,0,0.5090799,0,0,0.040577453,0,0,0,0.038579214,0,0.057518464,0,0,0,0,0.337305
190,0,0,0.6891656,0,0,0,0,0,0.29318732,0,0,0,0,0,0,0,0,0,0,0
191,0,0,0.15489681,0,0,0,0,0,0.35566258,0,0,0,0,0,0.27644095,0,0,0,0,0.20559224
192,0,0,0.16997817,0,0,0.31631622,0,0,0.5053723,0,0,0,0,0,0,0,0,0,0,0
193,0,0,0,0,0,0.1810093,0,0,0.47798437,0,0,0,0,0,0.3396242,0,0,0,0,0
194,0,0,0,0,0,0.41658896,0,0,0.22118038,0,0,0,0,0.06426935,0.29248184,0,0,0,0,0
195,0,0,0,0,0,0.8832168,0,0,0,0.108129345,0,0,0,0,0,0,0,0,0,0
196,0,0,0.9040714,0,0,0,0.09578859,0,0,0,0,0,0,0,0,0,0,0,0,0
197,0,0,0.13846229,0,0,0.57360995,0,0,0.14983892,0.13752942,0,0,0,0,0,0,0,0,0,0
198,0,0,0,0,0,0.4590389,0,0,0.18604212,0.012762488,0,0,0,0,0.075229846,0,0,0,0,0.25990102
199,0,0,0.16222197,0,0,0.41571775,0,0,0.11018121,0,0,0,0.03890534,0,0.21179424,0,0,0,0,0.060892094
200,0,0,0.7641795,0,0,0.2346955,0,0,0,0,0,0,0,0,0,0,0,0,0,0
201,0,0,0.698521,0,0,0.25415516,0,0,0,0,0,0,0,0,0,0.040630948,0,0,0,0
202,0,0,0,0,0,0.57643807,0,0,0.23338677,0,0,0,0.11938316,0,0,0,0,0,0,0.0670711
203,0,0,0.23787281,0,0,0.39404446,0,0,0.11328002,0.042848326,0,0,0.019858748,0,0.061830714,0,0,0,0,0.12997128
204,0,0,0.229514,0.05953614,0,0.6220185,0,0,0.05194639,0,0,0,0.035505656,0,0,0,0,0,0,0
205,0,0,0.20471472,0,0,0.30725667,0,0,0.1406117,0,0,0,0,0,0.031285454,0,0,0,0,0.31587094
206,0,0,0.7424413,0,0,0.1810346,0,0,0.06332776,0,0,0,0,0,0,0,0,0,0,0
207,0.12290156,0,0.7492872,0.102068946,0,0,0,0,0,0.022631481,0,0,0,0,0,0,0,0,0,0
208,0,0,0.1455626,0,0,0.24863425,0,0,0.3018172,0,0,0,0,0,0.073319815,0,0,0,0,0.22554469
209,0,0,0,0,0,0.24997637,0,0,0.73041016,0,0,0,0,0,0,0.015901668,0,0,0,0
210,0,0,0.20166425,0,0,0.4226289,0,0,0,0.04169698,0,0,0,0,0,0,0.06727443,0,0,0.26559037
211,0,0,0.17990984,0,0,0.3141913,0,0,0.26573387,0,0,0,0,0,0.0252159,0,0,0,0,0.20328389
212,0,0,0.32818136,0,0,0,0,0,0,0,0.5968187,0,0,0,0,0,0,0,0,0
213,0,0,0.077862665,0,0,0,0,0,0,0,0,0,0,0.9203118,0,0,0,0,0,0
214,0,0,0.26953408,0,0,0.054632276,0,0,0.52280647,0,0,0,0,0,0.058535393,0,0,0,0,0.09210324
215,0,0,0,0,0,0,0,0,0,0,0,0,0,0.99858,0,0,0,0,0,0
216,0,0,0.35551575,0.011440482,0,0.36544365,0,0,0.05373698,0,0,0,0,0,0.09749266,0,0,0,0,0.110331446
217,0,0,0.3015578,0,0,0.3937418,0.012093294,0,0.21441044,0,0,0,0,0,0,0,0,0.07316309,0,0
218,0,0,0.2852121,0,0,0.42247427,0,0,0.19136809,0,0,0.04724446,0.029819358,0,0,0,0,0,0,0.022190915
219,0,0,0,0.5408576,0,0,0,0,0,0,0,0,0,0,0,0.13011758,0,0,0,0.28854868
220,0,0.019482153,0,0,0,0.15072718,0.08944146,0,0.342241,0,0,0.12666297,0,0.26519522,0,0,0,0,0,0
221,0,0,0.66478646,0.06432406,0,0.21243922,0,0,0,0,0,0,0.057320345,0,0,0,0,0,0,0
222,0,0,0.511454,0.075096786,0,0.27636805,0,0,0.069306836,0,0,0.02065355,0.026708687,0,0,0,0,0,0.01982441,0
223,0,0,0.24582843,0,0.014913985,0.28272417,0.031201845,0,0.019820424,0.026055416,0,0,0.021455873,0,0,0,0,0,0,0.35557568
224,0,0,0.18304543,0,0,0.17463917,0.049975064,0,0.06968154,0,0,0,0,0,0,0,0.013775407,0,0,0.49696293
225,0,0,0.73200756,0,0,0,0,0,0,0,0,0,0,0,0,0,0,0.26191133,0,0
226,0,0,0.5224854,0.19446868,0,0,0.034711514,0,0,0,0,0.193736,0,0,0,0,0,0.053311966,0,0
227,0,0,0,0.8284077,0,0,0.15428461,0,0,0,0,0,0,0,0,0,0,0,0,0
228,0,0,0.13512215,0,0,0.24036156,0,0,0.03055954,0,0,0,0,0,0.041659806,0,0,0,0,0.5516872
229,0,0,0.08673946,0,0,0.15515658,0.028268782,0,0.05645007,0,0,0.014919992,0,0,0.057126384,0,0,0,0,0.6007823
230,0,0,0.36391085,0.3928289,0,0.23714513,0,0,0,0,0,0,0,0,0,0,0,0,0,0
231,0,0,0.03877365,0.20587957,0,0.45442614,0,0,0,0,0.07626221,0,0.21050748,0,0,0,0,0,0,0
232,0,0,0.490071,0,0,0,0,0,0.25075394,0,0,0,0,0,0.24799086,0,0,0,0,0
233,0,0,0.72754925,0,0.14028165,0,0.03993174,0,0.08800459,0,0,0,0,0,0,0,0,0,0,0
234,0,0,0.85460836,0,0.14112629,0,0,0,0,0,0,0,0,0,0,0,0,0,0,0
235,0,0,0.8797596,0,0,0,0,0,0.093941204,0,0,0,0,0,0,0,0,0.02198447,0,0
236,0,0,0.412012,0,0.4220384,0,0,0,0,0,0,0,0,0,0,0,0,0,0,0.15266836
237,0,0,0.3060009,0,0.39601448,0,0,0,0.2856658,0,0,0,0,0,0,0,0,0,0,0
238,0,0,0.40908453,0,0,0.26788062,0,0,0.11865721,0,0,0,0,0,0,0,0,0,0,0.19858052
239,0,0,0.12889256,0.10778774,0,0.42858496,0,0,0,0,0,0,0.073857576,0,0,0,0,0,0,0.2527461
240,0,0,0.5506915,0,0.048673842,0.28274256,0,0,0,0.083724044,0,0,0,0,0,0.018223602,0,0,0,0.014952914
241,0,0,0.8290351,0,0.014404265,0.042908166,0,0,0,0.02912841,0,0,0,0,0,0,0,0,0,0.083612725
242,0,0,0.9969055,0,0,0,0,0,0,0,0,0,0,0,0,0,0,0,0,0
243,0,0,0.9361296,0,0,0,0,0,0,0,0,0,0,0,0,0,0,0,0,0.060766935
244,0,0,0.9976309,0,0,0,0,0,0,0,0,0,0,0,0,0,0,0,0,0
245,0,0,0.22168648,0,0,0.31175128,0,0,0.04808557,0,0,0,0,0,0.040223476,0,0,0,0,0.37774673
246,0,0,0.63907236,0,0.018602382,0.21208295,0,0,0,0,0,0,0,0,0,0,0,0,0,0.12877984
247,0,0,0.75668925,0,0,0.054688457,0,0,0,0,0,0,0.058857694,0,0,0,0,0,0,0.1268126
248,0,0,0.7512875,0.025313048,0,0.12924872,0,0,0,0,0,0,0,0.08745954,0,0,0,0,0,0
249,0,0,0.812369,0,0.053853136,0.094794676,0,0,0,0,0,0,0.029422719,0,0,0,0,0,0,0
250,0,0,0.54002863,0,0.4046579,0,0,0,0,0,0.039970253,0,0,0,0,0.013198457,0,0,0,0
251,0,0,0.8771162,0,0.018329958,0,0,0,0,0,0,0,0,0,0,0,0,0.103484675,0,0
252,0,0,0.99671274,0,0,0,0,0,0,0,0,0,0,0,0,0,0,0,0,0
253,0,0,0,0,0,0,0,0,0,0,0,0,0,0,0,0,0,0.99913245,0,0
254,0,0,0.18528765,0.054811135,0,0.30855864,0,0,0,0,0,0,0.063410886,0,0,0,0,0,0,0.3840405
255,0,0,0,0,0,0,0,0,0.015698103,0,0,0,0,0,0,0,0,0.9835076,0,0
256,0,0,0,0,0,0,0,0,0,0,0,0,0,0,0,0,0,0.9983391,0,0
257,0,0,0.74658877,0,0,0.24724683,0,0,0,0,0,0,0,0,0,0,0,0,0,0
258,0,0,0.948389,0,0.047937542,0,0,0,0,0,0,0,0,0,0,0,0,0,0,0
259,0.09077394,0,0.6144641,0,0.030615259,0.12674133,0,0,0,0,0,0,0,0,0,0,0,0.1361657,0,0
260,0,0,0.9898004,0,0,0,0,0,0,0,0,0,0,0,0,0,0,0,0,0
261,0,0,0.030476416,0,0,0.19974726,0,0,0,0,0,0,0.031452198,0,0.05812781,0,0,0,0,0.67760724
262,0,0,0.118915655,0.22318965,0,0.3023277,0,0,0,0,0,0,0,0,0,0,0,0,0,0.35114717
263,0,0,0.4313929,0,0,0.06388872,0,0,0.30028337,0,0,0,0.11314207,0,0,0,0,0.08155271,0,0
264,0,0,0.78137094,0,0.14442112,0,0,0,0,0,0,0,0,0,0,0,0,0.06926611,0,0
265,0,0,0,0,0.10618742,0,0,0,0,0.45651376,0,0,0,0,0,0,0,0.41229877,0,0
266,0,0,0.07669616,0,0,0.08399898,0,0,0,0.011217698,0,0,0,0,0.15810269,0,0,0,0,0.6632466
267,0,0,0.8446517,0,0,0.15108284,0,0,0,0,0,0,0,0,0,0,0,0,0,0
268,0,0,0.7285835,0,0,0,0,0,0,0,0,0,0,0,0.2530492,0,0,0,0,0
269,0,0,0.088635884,0,0,0,0,0,0.09630935,0.081087336,0,0,0.034815446,0,0.5521262,0,0,0,0,0.14443314
270,0,0,0.04669444,0,0,0.21417539,0,0,0.05997103,0,0,0,0,0,0.6775874,0,0,0,0,0
271,0,0,0.025841989,0,0,0.13899192,0.03113105,0,0.07910213,0,0,0,0.041054808,0,0.6833141,0,0,0,0,0
272,0,0,0.3117758,0,0,0,0,0,0,0,0,0.027061062,0,0,0.6585717,0,0,0,0,0
273,0,0,0.031101301,0,0,0.081601046,0,0,0.12199545,0.080769435,0,0,0,0,0.27107015,0,0,0,0,0.41070104
274,0,0,0.76822394,0,0.12831976,0,0,0,0,0,0.0853712,0,0,0,0,0,0,0,0,0
275,0,0,0,0.028933477,0.057410114,0.39451835,0,0,0,0,0,0,0,0.32125282,0.19118886,0,0,0,0,0
276,0,0,0.9873611,0,0,0,0,0,0,0,0,0,0,0,0,0,0,0,0,0
277,0,0,0.9942424,0,0,0,0,0,0,0,0,0,0,0,0,0,0,0,0,0
278,0,0,0,0,0.9970496,0,0,0,0,0,0,0,0,0,0,0,0,0,0,0
279,0,0,0.09228806,0,0.023868768,0.15579008,0,0,0.098270744,0.05991651,0,0,0,0,0.06439585,0,0,0,0,0.5047542
280,0,0,0,0,0,0,0,0,0.11723716,0.02192748,0,0,0,0,0.020932022,0,0,0,0,0.8389267
281,0,0,0.041972637,0.059177402,0,0.18603463,0,0,0.06289515,0,0,0,0.25405085,0,0,0,0,0,0,0.392126
282,0,0,0.059198283,0,0,0,0,0,0.059479486,0.01816171,0,0,0,0,0.053046826,0,0,0,0,0.7971428
283,0,0,0.03125112,0,0,0,0,0,0,0,0,0,0,0,0,0,0,0,0,0.96581733
284,0,0,0.98855424,0,0,0,0,0,0,0,0,0,0,0,0,0,0,0,0,0
285,0,0,0.11130494,0,0,0.037276506,0,0,0.036475193,0.02138236,0,0,0,0,0,0,0,0,0,0.78316325
286,0.039412487,0,0.62674415,0,0.01891944,0,0.0337279,0,0.27240297,0,0,0,0,0,0,0,0,0,0,0
287,0,0,0,0,0,0,0,0,0,0,0,0,0,0,0,0,0,0,0,0.99590516
288,0,0,0.34183395,0,0.47491175,0.17075428,0,0,0,0,0,0,0,0,0,0,0,0,0,0
289,0,0,0,0,0,0.1602878,0,0,0,0.073211424,0,0,0,0,0.20219253,0,0,0,0,0.54744315
290,0.011754681,0,0.010253552,0,0,0,0,0,0.029846702,0,0,0,0,0.11094404,0.08131604,0,0,0.72404325,0,0.030668478
291,0,0,0,0.27632183,0,0.22521704,0,0,0,0,0,0,0,0,0.32817587,0,0,0.15758687,0,0
292,0,0,0.06825773,0,0.01970193,0.037946913,0,0,0.11444852,0,0,0,0,0,0.04080313,0,0,0.015184711,0,0.69497734
293,0.046418425,0,0.27236873,0,0,0.42058292,0,0,0,0,0,0,0.25526077,0,0,0,0,0,0,0
294,0.02090361,0,0.14689964,0.029421562,0,0.40068495,0,0,0,0,0,0,0.2806721,0,0,0,0,0,0,0.11969396
295,0,0,0,0,0,0,0,0,0.13325731,0,0.34624973,0,0,0,0,0,0,0.4800168,0,0
296,0,0,0.81579405,0,0,0,0,0,0.1692059,0,0,0,0,0,0,0,0,0,0,0
297,0,0,0,0,0,0.2036484,0,0,0,0.014203748,0,0,0.017166466,0,0,0,0,0,0,0.76308435
298,0,0,0,0,0,0,0,0,0,0,0,0,0,0,0,0,0,0,0,0.9961225
299,0,0,0.041473906,0,0,0.10336534,0,0,0,0.020060671,0,0,0,0,0,0.017884223,0,0,0,0.80882317
300,0,0,0,0,0.2028836,0.466142,0,0,0,0.015481189,0,0,0,0.027245808,0.19183195,0,0,0,0,0.09530257
301,0,0,0.32054052,0,0,0,0,0,0.42131105,0,0,0,0,0,0,0,0,0.24546188,0,0
302,0,0,0.81694365,0,0,0.054641485,0,0.032226384,0,0,0,0,0,0.057092726,0,0,0,0,0,0.038178865
303,0,0,0.92142594,0,0,0.076362774,0,0,0,0,0,0,0,0,0,0,0,0,0,0
304,0,0,0.67782456,0,0.08737403,0,0,0,0,0,0,0,0,0.04245144,0,0,0,0,0,0.19129457
305,0,0,0,0,0.021522623,0.11953942,0,0,0,0.043079104,0,0,0,0,0,0,0,0,0,0.8096149
306,0,0,0,0,0,0.10161035,0,0,0.65273,0.10994461,0,0,0,0,0.12746763,0,0,0,0,0
307,0,0,0.8041082,0,0.16058198,0.034037337,0,0,0,0,0,0,0,0,0,0,0,0,0,0
308,0,0,0,0,0,0.060965315,0,0,0.031243056,0.12594628,0,0,0,0,0,0,0,0,0,0.76222384
309,0,0,0.154895,0,0,0,0,0,0,0,0,0,0,0,0,0,0,0,0,0.841386
310,0,0,0.20959134,0.23691209,0,0.16083865,0,0,0,0.026586698,0,0,0.15070151,0,0,0,0,0,0,0.21426208
311,0,0,0,0.19093594,0,0.42412114,0.14551972,0,0,0,0,0,0.18164793,0,0,0,0,0.051018488,0,0
312,0,0,0,0.087328434,0,0.137594,0,0,0.0974705,0,0.068562746,0,0.15464506,0,0.32728368,0,0,0,0,0.12507798
313,0,0,0.103772335,0,0.39276114,0.31452638,0,0,0.06919283,0.07059164,0,0,0,0,0,0,0,0.02741704,0,0.014245582
314,0,0,0.061198547,0.10869111,0,0,0,0,0,0.09383189,0,0.062100247,0,0.24814463,0,0,0,0,0,0.4233516
315,0,0,0.015400697,0,0,0.49682,0,0,0,0,0,0,0,0,0,0,0,0,0,0.48108637
316,0,0,0,0,0,0.055320542,0,0,0.034622982,0.08633773,0,0,0,0,0,0,0,0,0,0.81894827
317,0,0,0.021186294,0,0,0.010974907,0,0,0,0.12336883,0,0,0,0,0.058490373,0,0,0,0,0.7732406
318,0,0,0,0,0,0,0,0,0.42062947,0,0,0,0,0,0,0,0,0.5610032,0,0
319,0,0,0,0,0,0,0,0,0,0.086229034,0,0,0,0,0.09708564,0,0,0,0,0.8126953
320,0,0,0,0,0,0,0,0,0.40489632,0.3113592,0,0,0,0,0.21027002,0,0,0,0.0664291,0
321,0,0,0.08364435,0.13658376,0.011691553,0.24084835,0,0,0,0,0,0,0.5245911,0,0,0,0,0,0,0
322,0,0,0,0,0.01730327,0.0988572,0,0,0,0.090955004,0,0,0.04428692,0,0,0,0,0,0,0.7186951
323,0,0,0.08137954,0,0.2922137,0.25106913,0,0,0.18826123,0.067387536,0,0,0.0987646,0,0,0,0,0,0,0.019098451
324,0,0,0,0,0,0.26558882,0,0,0,0.015595469,0,0,0.41612247,0,0,0,0,0,0,0.29954365
325,0,0,0,0,0,0.13136041,0,0,0,0,0,0,0,0.17967243,0.22328286,0,0,0,0,0.45841157
326,0,0,0,0,0.89766794,0.0979418,0,0,0,0,0,0,0,0,0,0,0,0,0,0
327,0,0,0,0,0,0.23479713,0,0,0,0,0.27487952,0,0.30972096,0.07984745,0,0,0,0.089560926,0,0
328,0,0,0,0,0.012767914,0.08809525,0,0,0,0.071911186,0,0,0.036033213,0,0,0,0,0,0,0.78786993
329,0,0,0,0,0.6680351,0.19308324,0,0,0,0,0,0,0.034926295,0,0,0,0,0,0,0.103056505
330,0,0,0,0,0,0.21834436,0,0,0,0,0,0,0,0,0,0.47355938,0,0,0,0.29871812
331,0,0,0,0,0,0.03318323,0,0,0,0.09643028,0,0,0.21295677,0,0,0.06513058,0,0,0,0.59165037
332,0,0,0,0,0.9995954,0,0,0,0,0,0,0,0,0,0,0,0,0,0,0
333,0,0,0.12652881,0,0.31728894,0.21532945,0,0,0.11487402,0,0,0,0,0,0,0,0,0.013934655,0,0.21054842
334,0,0,0,0.035975803,0.013587736,0.09272401,0,0,0,0.08886632,0,0,0.064247616,0,0,0,0,0,0,0.70398426
335,0,0,0.08632937,0.097208366,0,0.23590021,0,0,0,0.081384905,0,0,0.29603276,0,0,0,0,0,0,0.18927178
336,0,0,0,0.47152,0,0,0,0,0,0,0,0,0,0,0.069895156,0,0,0.44184178,0,0
337,0,0,0,0,0,0,0,0,0.100057855,0,0.1506784,0,0,0,0,0.58502716,0,0.15860274,0,0
338,0,0,0.029149631,0.018845242,0.024089416,0,0,0,0.03133674,0.13963723,0,0,0,0,0,0,0,0,0,0.7320228
339,0,0,0,0.19155052,0,0.35528117,0,0,0,0,0.4319183,0,0,0,0,0,0,0,0,0
340,0,0,0,0.5575887,0,0.23478311,0.19413619,0,0,0,0,0,0,0,0,0,0,0,0,0
341,0,0,0,0,0,0,0,0,0,0.2851816,0,0,0,0,0.56624675,0,0,0,0,0.13902105
342,0,0,0.7279374,0,0,0,0,0,0.26767233,0,0,0,0,0,0,0,0,0,0,0
343,0,0,0,0,0,0,0,0,0,0.16175242,0,0,0.01651611,0,0.07443453,0,0,0,0,0.7334239
344,0,0,0,0,0.1375539,0,0,0,0,0,0,0,0,0,0,0,0,0.85266346,0,0
345,0.017891089,0,0.035239827,0,0,0,0,0,0.023248106,0.16808559,0,0,0,0,0.030554468,0,0,0,0,0.70450187
346,0,0.027441977,0,0,0,0,0.05640539,0,0.8860681,0,0.029458528,0,0,0,0,0,0,0,0,0
347,0,0,0,0,0,0,0,0,0.972355,0,0,0,0,0,0,0,0,0,0,0.014008644
348,0.06306628,0,0,0.011394826,0,0,0,0,0,0.16286421,0,0,0.21564454,0,0.18963386,0,0,0,0,0.33926526
349,0,0,0,0,0,0,0,0,0,0.22429223,0,0,0,0,0.13486621,0.026186591,0,0,0,0.6074469
350,0,0,0,0,0,0,0,0,0.7709929,0,0,0,0.22075021,0,0,0,0,0,0,0
351,0,0,0,0.077319734,0,0.31625974,0,0,0,0,0,0,0.59299153,0,0,0,0,0,0,0.01134567
352,0,0,0,0,0,0,0,0,0,0,0,0,0.20951092,0,0,0,0,0,0,0.7885823
353,0,0,0,0,0,0,0,0,0,0,0,0,0.20952448,0,0,0,0,0,0,0.78856874
354,0.018176282,0,0.010475496,0,0,0,0,0,0.52902615,0,0,0,0.12136247,0.18426359,0.026939442,0,0,0.07085239,0,0.035300154
355,0,0,0,0,0.031171624,0,0,0,0.03201268,0.10698775,0,0,0,0,0.044447012,0,0,0,0,0.76726466
356,0,0,0,0,0,0,0,0,0,0,0,0,0.03458337,0,0,0,0,0,0,0.96421015
357,0,0.086255856,0.7866166,0,0,0,0,0,0,0.11778685,0,0,0,0,0,0,0,0,0,0
358,0,0,0,0,0.01037978,0,0,0,0,0.1432405,0,0,0,0,0.014240619,0.014353505,0,0,0,0.8162533
359,0,0,0,0,0,0,0,0,0,0,0,0,0.14498495,0,0,0,0,0,0,0.853336
360,0,0,0,0,0,0,0,0,0,0,0,0,0,0,0,0,0,0,0,0.9950262
361,0,0,0.5416178,0,0,0,0,0,0.23288275,0,0,0,0,0,0.21221823,0,0,0,0,0
362,0,0,0.05152302,0,0,0.12764452,0,0,0.3133461,0.15222065,0,0,0.14366846,0,0.20960301,0,0,0,0,0
363,0,0,0,0,0,0,0,0,0,0.011042146,0,0,0.073639505,0,0.018086435,0,0,0,0,0.8934114
364,0,0,0,0,0,0.17144299,0,0,0,0,0,0,0.3819037,0,0,0,0,0,0,0.4396285
365,0,0,0.6189982,0,0,0,0,0,0.1777465,0,0,0,0,0,0.19611238,0,0,0,0,0
366,0,0,0,0,0,0.03563455,0,0,0,0.09886343,0,0.010674702,0.07357341,0,0.06420144,0,0,0,0,0.69890964
367,0,0,0,0.06823479,0,0.2968297,0,0,0,0.21511161,0,0,0.29603,0,0,0,0,0,0,0.114757754
368,0,0,0,0,0,0,0,0,0,0,0,0,0,0,0,0,0,0,0,0.99525
369,0,0,0.04848955,0.034519587,0.52418846,0.10108686,0,0,0,0.1513135,0,0,0.07515043,0,0,0,0.01528473,0,0,0.04859705
370,0,0,0,0.036940742,0,0.26576906,0,0,0,0,0,0,0.4052841,0,0,0,0,0,0,0.28530782
371,0,0,0,0,0,0,0,0,0,0,0.10321053,0,0,0,0.23089218,0.43595338,0,0,0,0.20943107
372,0,0,0,0,0,0,0,0,0,0,0,0,0.1654571,0,0,0,0,0,0,0.8259715
373,0,0,0.02474693,0,0,0.061729357,0,0,0,0.07148551,0,0,0.05087359,0,0.40662828,0,0,0,0,0.37659362
374,0,0,0,0,0,0.11237266,0,0,0,0,0,0,0.07730967,0,0.8067937,0,0,0,0,0
375,0,0,0.1473333,0,0,0,0,0,0,0,0,0,0,0,0.84375584,0,0,0,0,0
376,0,0,0.22842962,0,0,0,0,0,0,0,0,0,0,0,0.62487835,0,0,0.13419202,0,0
377,0,0,0,0,0,0.011104235,0,0,0.0296669,0.037239954,0,0.044145726,0,0,0.5847318,0,0,0,0,0.28433618
378,0,0,0.034776848,0.015786141,0.010139359,0.034075495,0,0,0.022497337,0.22926964,0,0,0,0,0.30894524,0,0,0,0,0.33484563
379,0.01904188,0,0.032154363,0.06777571,0,0.0802028,0,0,0,0.034185503,0,0,0.47072902,0,0.08970404,0,0,0,0.04573185,0.15920171
380,0,0,0,0.024203427,0.016435301,0.036490608,0,0,0.010641391,0.20505716,0.010406785,0,0.010164227,0,0.2960376,0,0,0,0,0.37858543
381,0,0,0,0.12214128,0,0.30578032,0,0,0,0,0,0,0.3262177,0,0.2437554,0,0,0,0,0
382,0,0,0,0.45672107,0,0,0.21126084,0,0,0,0,0,0,0,0,0,0,0.31830844,0,0
383,0,0,0,0.24292253,0,0,0,0,0,0.014707655,0,0,0.30403575,0,0.3366746,0,0,0,0,0.10014735
384,0,0,0,0.095690235,0,0.05323419,0,0,0,0.71975064,0,0,0.08636087,0,0.031413715,0,0,0,0,0.012419995
385,0,0,0,0.12284422,0,0.08333418,0,0,0,0.34410012,0,0,0,0,0.44107237,0,0,0,0,0
386,0,0,0,0.05925447,0,0.061129346,0,0,0,0.8143359,0,0,0.03471451,0,0.028125057,0,0,0,0,0
387,0,0,0,0,0,0,0,0,0.054891195,0,0,0,0,0,0.4738676,0,0,0.45192307,0,0
388,0,0,0,0,0.06344593,0,0,0,0,0.17356236,0,0,0,0,0.7614435,0,0,0,0,0
389,0,0,0,0.018388364,0,0,0,0,0.9197704,0,0.0613301,0,0,0,0,0,0,0,0,0
390,0,0,0.023518069,0,0.018710835,0,0,0,0.7964001,0.12059419,0,0,0,0,0.01590772,0,0,0,0,0.024067191
391,0,0,0,0,0.013531624,0,0,0,0.31984657,0.46752203,0,0,0.016379127,0,0.018842971,0,0,0,0,0.15749648
392,0,0,0.1773844,0,0,0,0,0,0.13274339,0,0,0.07513535,0,0,0.61288065,0,0,0,0,0
393,0,0,0,0.06585171,0,0.036071118,0,0,0,0.8419766,0,0,0,0,0,0,0,0,0,0.028852863
394,0,0,0,0.57728416,0,0,0,0,0,0,0,0,0.41633284,0,0,0,0,0,0,0
395,0,0,0,0.010793967,0,0.07063127,0,0,0,0.8706553,0,0,0.015583188,0,0,0,0.01616228,0,0,0
396,0.03925122,0,0,0,0,0.03491231,0,0,0.0971794,0.8251336,0,0,0,0,0,0,0,0,0,0
397,0,0,0,0,0,0,0,0,0,0.99551886,0,0,0,0,0,0,0,0,0,0
398,0,0,0,0,0,0,0,0,0,0.88664174,0,0,0,0,0.10251166,0,0,0,0,0
399,0,0,0,0,0,0,0.08346285,0,0.19540931,0.60008854,0.040632077,0,0,0,0,0,0.07909453,0,0,0
400,0,0.13871501,0.25185132,0,0,0,0.10851144,0,0.23701012,0.2297651,0,0.033347953,0,0,0,0,0,0,0,0
401,0,0,0.042393703,0.088423975,0,0.05431446,0,0,0,0.75264317,0,0.019814279,0.018273478,0,0.016325515,0,0,0,0,0
402,0,0,0,0,0,0.026955128,0,0,0.023974506,0.8967709,0,0.014367873,0,0,0,0,0,0,0,0.02308248
403,0,0,0,0,0.013075618,0,0,0,0,0.98525774,0,0,0,0,0,0,0,0,0,0
404,0,0,0.024037156,0.0633522,0,0,0,0,0,0.88615584,0,0,0.017549321,0,0,0,0,0,0,0
405,0,0,0,0,0,0,0,0.05024278,0,0.33147418,0,0,0.109123856,0,0,0,0,0,0,0.49685153
406,0,0,0.112054475,0,0,0.108097054,0,0,0,0.65399474,0,0,0.11771672,0,0,0,0,0,0,0
407,0,0,0.09124413,0,0,0.21915658,0,0.24372268,0,0.44247234,0,0,0,0,0,0,0,0,0,0
408,0.07634243,0,0,0,0,0,0,0.02767257,0,0.8662486,0,0,0,0,0.029192563,0,0,0,0,0
409,0,0,0,0,0,0.027222024,0,0,0,0.55963933,0,0,0,0,0.062703505,0,0,0,0,0.3405988
410,0,0,0,0,0,0,0,0,0,0.7849738,0,0,0,0,0,0.049028628,0,0,0,0.15802819
411,0,0,0.12324775,0,0,0,0,0,0,0.876265,0,0,0,0,0,0,0,0,0,0
412,0,0,0,0,0.015051539,0,0,0,0.015070578,0.671811,0,0,0,0,0,0,0,0,0,0.2803432
413,0,0,0,0,0,0,0,0,0,0.24494992,0,0,0.066361524,0,0.659772,0.027462022,0,0,0,0
414,0,0,0,0,0,0,0,0,0,0.2448905,0,0,0.066555485,0,0.6598023,0.027297089,0,0,0,0
415,0,0,0,0,0,0,0,0,0.063606724,0.6912754,0,0,0,0,0.01926325,0,0,0,0,0.20883872
416,0,0,0,0,0,0.04484203,0,0,0.033174016,0.5666734,0.010349799,0,0.06947806,0,0.06824404,0.01501981,0,0,0,0.1921055
417,0,0,0,0.39468876,0,0,0.02216917,0,0,0,0,0,0.58009547,0,0,0,0,0,0,0
418,0,0,0,0.07905159,0,0.110212944,0,0,0,0.28668666,0,0,0.5201272,0,0,0,0,0,0,0
419,0,0,0,0,0,0.16089581,0,0.10241182,0,0,0,0,0.73237765,0,0,0,0,0,0,0
420,0,0,0,0.5705047,0,0.040590618,0.24723792,0,0,0,0,0,0.1377832,0,0,0,0,0,0,0
421,0,0,0,0.15736333,0,0,0.71204567,0,0,0,0,0,0.1281555,0,0,0,0,0,0,0
422,0.03745358,0,0,0,0,0.13690513,0,0,0,0.29458055,0,0,0.5298108,0,0,0,0,0,0,0
423,0,0,0,0,0,0.102851294,0,0,0,0.33963025,0,0,0.5558082,0,0,0,0,0,0,0
424,0,0,0.057703048,0.060087692,0,0,0,0,0.44788238,0.012850792,0.13445106,0,0.063762985,0.22043598,0,0,0,0,0,0
425,0,0,0,0.837106,0,0.1287761,0,0,0,0,0,0,0,0,0,0,0,0,0,0.029088324
426,0,0,0,0.15360118,0,0,0.6032054,0,0,0,0,0,0.2416564,0,0,0,0,0,0,0
427,0,0,0.020751879,0,0,0,0.27982157,0,0,0,0,0,0.53485996,0.15800917,0,0,0,0,0,0
428,0.07347979,0,0.0809847,0.22778411,0,0.047438066,0.14769743,0,0,0,0,0,0.31074828,0.10682335,0,0,0,0,0,0
429,0,0,0,0.13362625,0,0.1356681,0,0,0.011837243,0.23267272,0,0.010431567,0.4748345,0,0,0,0,0,0,0
430,0,0,0.15851773,0.14938809,0.10627844,0,0,0,0,0,0,0,0.41279644,0.16844611,0,0,0,0,0,0
431,0,0,0,0,0,0.11760213,0,0.02799961,0,0.23307899,0,0.22497192,0.3427037,0,0,0,0,0,0,0.04252541
432,0,0,0,0,0,0,0,0,0,0,0,0,0,0.99801254,0,0,0,0,0,0
433,0,0,0,0,0,0,0,0,0,0,0,0,0.99909955,0,0,0,0,0,0,0
434,0,0,0,0,0,0,0,0,0,0,0,0,0.99909955,0,0,0,0,0,0,0
435,0.054468893,0,0,0.25080186,0,0,0.29790637,0,0,0,0,0,0.39315316,0,0,0,0,0,0,0
436,0,0,0,0,0,0.18049476,0,0,0,0.5541135,0,0,0.2633534,0,0,0,0,0,0,0
437,0,0,0,0.068465084,0,0.056894116,0,0,0,0,0,0,0.6794746,0.1855858,0,0,0,0,0,0
438,0,0,0,0,0,0.18965517,0,0,0,0,0,0.035702184,0.30088618,0.4712006,0,0,0,0,0,0
439,0,0,0,0,0,0,0,0,0,0,0,0,0,0.99701256,0,0,0,0,0,0
440,0,0,0,0.25948313,0,0.15326014,0,0,0,0,0,0,0.5834279,0,0,0,0,0,0,0
441,0,0,0,0,0,0,0,0,0,0.17244162,0,0.32521218,0.49972272,0,0,0,0,0,0,0
442,0,0,0,0.13387333,0,0.05944007,0,0,0,0,0,0.061690573,0.28859812,0.45533258,0,0,0,0,0,0
443,0,0,0,0.5515995,0,0,0,0,0,0,0,0.16453372,0.27510393,0,0,0,0,0,0,0
444,0,0,0.20680377,0,0.10142192,0,0,0,0,0,0,0.12264122,0,0.036964584,0,0,0,0.52994955,0,0
445,0,0,0.20967516,0.048142564,0.5722328,0,0,0,0,0.13070275,0,0.037219662,0,0,0,0,0,0,0,0
446,0,0,0,0.09149092,0,0,0,0,0,0,0,0.121734835,0.42889604,0.34744018,0,0,0,0,0,0
447,0,0,0,0.06997848,0,0,0,0,0,0,0,0,0.46455228,0.2730546,0.1308609,0,0,0,0.059991226,0
448,0,0,0,0,0,0.031637013,0,0,0,0.1738559,0,0.1795665,0.518664,0,0.038751137,0,0,0,0,0.047141712
449,0.07416879,0,0,0.5708149,0,0,0,0,0,0,0,0,0.34587646,0,0,0,0,0,0,0
450,0,0,0,0,0,0.06288117,0,0.042721853,0,0.265673,0,0,0.57299846,0,0,0,0,0,0,0.054902177
451,0,0,0,0.5196028,0,0,0,0,0,0,0,0,0.4718258,0,0,0,0,0,0,0
452,0,0,0,0.27658945,0,0,0,0,0,0,0,0,0.71522874,0,0,0,0,0,0,0
453,0,0,0,0.14424562,0,0,0,0,0,0,0,0,0.85516155,0,0,0,0,0,0,0
454,0,0,0,0.20424117,0,0,0,0,0,0,0,0,0.78793275,0,0,0,0,0,0,0
455,0,0,0,0.3224988,0,0,0,0,0,0,0,0,0.62503,0.044600822,0,0,0,0,0,0
456,0,0,0,0,0,0,0,0,0,0,0,0,0.99240005,0,0,0,0,0,0,0
457,0,0,0,0,0,0,0,0,0,0,0,0,0.99159294,0,0,0,0,0,0,0
458,0,0,0,0.6002833,0,0,0,0,0,0,0,0,0.39245865,0,0,0,0,0,0,0
459,0,0,0,0.5209958,0,0,0.08653041,0,0.06582518,0,0,0.16918318,0.02891026,0,0.12155515,0,0,0,0,0
460,0,0,0,0.41597086,0,0,0,0,0,0,0,0,0.5720292,0,0,0,0,0,0,0
461,0,0,0,0.09164654,0,0.036352865,0,0,0,0.102186956,0,0,0.47671494,0,0,0,0,0,0,0.29166743
462,0,0,0,0.3576258,0,0,0,0,0,0,0,0.023338344,0.5745157,0,0,0,0.036009524,0,0,0
463,0,0,0,0.2585013,0,0.019770782,0,0,0,0,0,0,0.7205324,0,0,0,0,0,0,0
464,0,0,0,0.6532993,0,0,0.22682339,0,0,0,0,0,0.11432179,0,0,0,0,0,0,0
465,0,0,0,0.3306188,0,0.07512465,0,0,0,0,0,0,0.5869916,0,0,0,0,0,0,0
466,0,0,0.012102917,0,0,0.051465955,0,0,0,0.15314798,0,0,0.6280676,0,0,0.0723154,0,0,0,0.0802724
467,0,0,0,0,0,0,0,0.013789278,0,0.27291206,0,0,0.6824328,0,0,0.023786595,0,0,0,0
468,0,0,0,0,0,0.07731409,0,0.01716475,0,0.42457187,0,0,0.2696611,0,0,0.15548506,0,0,0,0.040319145
469,0,0,0,0,0,0.09222942,0,0.016945343,0,0.3953406,0,0,0.34379104,0,0,0.14387904,0,0,0,0
470,0,0,0,0.12041904,0,0.27937156,0,0,0,0,0,0,0.5988956,0,0,0,0,0,0,0
471,0.015638215,0,0,0.25878328,0,0.11290975,0.17795408,0,0.034500808,0,0.025695719,0.030312127,0.16768827,0,0.17321055,0,0,0,0,0
472,0,0,0.023317294,0.41629547,0,0.28061354,0,0,0,0,0,0,0.2648171,0,0,0,0,0,0,0
473,0,0,0.018574646,0,0.019764088,0.09986643,0,0,0,0.4147923,0,0,0.24507432,0,0,0.14196563,0,0,0,0.041821476
474,0,0,0.13076672,0.34057623,0,0.25287795,0,0,0,0,0,0,0.15787315,0.024826204,0.08327941,0,0,0,0,0
475,0,0,0,0,0,0.08582104,0,0,0,0.43159688,0,0,0.25865826,0,0,0.19596697,0,0,0,0.027606886
476,0,0,0,0.201868,0,0.19003282,0.10821901,0,0.07986618,0.23209433,0,0,0.17266709,0,0.014609618,0,0,0,0,0
477,0,0,0,0.5586526,0,0.081204936,0,0,0.07128941,0,0,0,0.28496954,0,0,0,0,0,0,0
478,0,0,0,0,0,0.026921382,0,0,0,0.4215195,0,0.018963141,0.14927271,0,0.01321481,0.26673806,0,0,0,0.09152194
479,0,0,0,0,0,0,0,0,0,0.018209409,0,0,0.8775162,0,0,0.042162683,0.05450038,0,0,0
480,0,0,0,0,0,0.06645136,0,0.027697966,0.010464771,0.42923412,0.02074596,0,0.09940418,0,0.03673219,0.18660828,0,0,0,0.1223469
481,0,0,0.024662515,0.08460833,0,0.03126945,0,0,0,0.080728196,0,0,0.7644781,0,0,0.013329904,0,0,0,0
482,0,0,0,0,0,0,0,0,0,0,0,0,0.74023926,0,0,0.24851076,0,0,0,0
483,0,0,0,0,0,0,0,0,0,0,0,0.015670963,0,0.21472256,0.76622003,0,0,0,0,0
484,0,0,0,0,0,0,0,0,0,0,0,0.015681008,0,0.21472596,0.7662066,0,0,0,0,0
485,0,0,0,0.31584513,0,0,0.07357461,0,0,0,0.25094792,0,0.35222492,0,0,0,0,0,0,0
486,0.13974586,0,0,0,0,0,0,0,0,0.18071881,0,0,0,0,0,0.66218835,0,0,0,0
487,0.1374005,0,0,0,0,0,0,0,0,0,0,0,0.36589882,0,0,0.48875678,0,0,0,0
488,0.12144765,0,0,0,0,0,0,0,0,0.029083492,0,0,0.114724085,0,0,0.73070437,0,0,0,0
489,0,0,0,0,0,0,0,0.034599874,0,0.30063367,0,0,0.11235352,0,0,0.34358844,0,0,0,0.198657
490,0,0,0,0,0,0,0,0.074655704,0,0,0,0,0,0,0,0.8187014,0,0,0,0.09778875
491,0,0,0.21475887,0,0,0,0,0,0,0.43642738,0,0,0.07712469,0.053078745,0,0.21284105,0,0,0,0
492,0,0,0.03256978,0,0,0,0,0,0,0.41538113,0,0,0.40830213,0,0,0.14147428,0,0,0,0
493,0,0,0,0,0.027279766,0,0,0,0,0.0808173,0,0.6628075,0,0,0,0.080066115,0,0,0,0.14153585
494,0,0,0,0,0,0,0,0.04974567,0,0,0,0,0.5779925,0,0.012449367,0.33303222,0,0,0,0.01918907
495,0,0,0,0,0,0,0,0,0,0.15612273,0,0,0,0,0,0.8429123,0,0,0,0
496,0,0,0,0,0,0,0,0,0,0,0,0,0.5055352,0,0,0.48082843,0,0,0,0
497,0,0,0,0,0.023627548,0,0,0,0,0.026889842,0,0,0.2518894,0,0,0.63077545,0,0,0,0.06510928
498,0,0,0,0,0,0,0,0,0,0,0,0,0.14932631,0,0,0.84777045,0,0,0,0
499,0,0,0,0,0,0,0.0329604,0,0,0,0,0,0.020428428,0.14111188,0.061653063,0.66900855,0,0,0.070991516,0
500,0.06967642,0,0,0,0,0,0,0,0,0,0,0,0.25017676,0,0.13970771,0.15440503,0,0,0,0.38228405
501,0,0,0,0.3695296,0,0,0,0,0,0,0,0,0.120599404,0,0,0.506846,0,0,0,0
502,0,0,0,0,0,0,0,0,0,0,0,0,0.25026312,0,0,0.7451215,0,0,0,0
503,0,0,0,0,0,0,0,0,0,0.09751625,0,0,0.26503584,0,0,0.5388031,0,0,0,0.09071223
504,0,0,0,0,0,0,0,0,0,0,0,0,0,0,0,0.9981766,0,0,0,0
505,0,0,0,0.049297653,0,0,0,0,0,0,0,0,0.73516285,0,0,0.21494639,0,0,0,0
506,0.12197611,0,0,0.057190903,0,0,0,0,0,0,0,0,0.751007,0,0,0.06917658,0,0,0,0
507,0.05,0.05,0.05,0.05,0.05,0.05,0.05,0.05,0.05,0.05,0.05,0.05,0.05,0.05,0.05,0.05,0.05,0.05,0.05,0.05
508,0.13260871,0,0,0,0,0,0,0,0,0,0,0,0.6297575,0,0,0.19435246,0,0,0,0.041322198
509,0,0,0,0,0,0.021822289,0,0,0.020183802,0.052214585,0,0,0.3576705,0,0,0.5157623,0,0,0,0.031609707
510,0,0,0,0,0,0,0,0,0,0,0.03998861,0,0.42417708,0,0,0.19303341,0.10423824,0.040755942,0,0.19544178
511,0,0,0,0.3253037,0,0.050155237,0,0,0,0,0,0,0.6222683,0,0,0,0,0,0,0
512,0.11756916,0,0,0,0,0,0,0.06784277,0,0.07100921,0,0.04128442,0.32997373,0,0,0.299905,0,0,0,0.071298905
513,0.04358973,0,0,0,0,0,0,0,0,0.048250977,0,0.09476225,0.3437167,0,0,0.29246667,0.17333011,0,0,0
514,0.15025796,0,0,0,0,0,0,0.051848263,0,0.07232841,0,0.092166536,0.14686248,0,0,0.45565265,0.026444906,0,0,0
515,0.069702365,0,0,0.18761066,0,0,0,0.047233045,0,0.1916902,0,0.035062205,0.31871518,0,0,0.14333259,0,0,0,0
516,0,0,0,0,0,0,0,0.12292053,0,0.069285795,0,0.01015957,0.66261715,0,0,0.12129677,0.012680045,0,0,0
517,0.106836826,0,0,0,0,0,0,0.0883829,0,0.19564271,0,0.042609137,0.25684822,0,0,0.27535716,0.033035472,0,0,0
518,0,0,0.0377463,0.59611946,0,0,0,0,0,0,0,0,0.357055,0,0,0,0,0,0,0
519,0,0,0,0.05259804,0,0,0.029606191,0.015925648,0,0.10552131,0,0.15204142,0.05330838,0,0,0.4999218,0.09019871,0,0,0
520,0.104009144,0,0,0.16741447,0,0,0,0,0,0,0,0.08995917,0.34309602,0,0,0.10052362,0.1933884,0,0,0
521,0,0,0,0.6055371,0,0,0,0,0,0,0,0,0.39187667,0,0,0,0,0,0,0
522,0.24707708,0,0.37107885,0.090368375,0.029053478,0,0,0,0,0,0,0,0.23294942,0,0,0,0.028420493,0,0,0
523,0.10586092,0,0,0,0,0,0,0.059975255,0,0.17728427,0,0.16876383,0.22319472,0,0,0.18044451,0.077691585,0,0,0
524,0,0.014512004,0,0.28328598,0,0.05278852,0,0,0,0,0,0.18568036,0.43989426,0.021998893,0,0,0,0,0,0
525,0,0,0,0,0.016798498,0.05185594,0,0.098166086,0,0,0,0,0.28799453,0,0,0.36187738,0.13429931,0,0,0.047085185
526,0.037763167,0,0,0,0,0.015586981,0,0.21535873,0,0.048554808,0,0.22175473,0.21403484,0,0,0.19740458,0.04885646,0,0,0
527,0.37700582,0,0.02603127,0,0.017012358,0,0,0.045807008,0,0.069962725,0,0,0.36832544,0,0,0.020634884,0.074375436,0,0,0
528,0,0,0.06990021,0.40896407,0,0,0,0,0.09753778,0.10105782,0,0,0.12963183,0,0,0.038297992,0.15212943,0,0,0
529,0,0,0,0.24957937,0,0,0,0,0,0,0,0.4567445,0,0.18489584,0.10481446,0,0,0,0,0
530,0,0,0,0.1414308,0,0,0,0.043610383,0,0,0,0.560508,0.182559,0,0,0.060239624,0,0,0,0
531,0,0,0,0.32086325,0,0.15976605,0,0,0,0,0,0.34275642,0.17432854,0,0,0,0,0,0,0
532,0.113418184,0,0.03788544,0.31535283,0,0.091050014,0,0,0,0,0,0.15157662,0.2896266,0,0,0,0,0,0,0
533,0,0,0,0.026310794,0,0,0,0,0,0,0,0.8691807,0.10307935,0,0,0,0,0,0,0
534,0,0,0,0.6972482,0,0.07571071,0,0,0,0,0,0,0.22351411,0,0,0,0,0,0,0
535,0,0,0,0.17436405,0,0.10594547,0,0,0,0,0,0.43356434,0.20436247,0,0,0,0,0,0.07148696,0
536,0,0,0.01665945,0.3160605,0,0,0,0,0,0,0,0.57291794,0.093001544,0,0,0,0,0,0,0
537,0,0,0,0,0,0,0,0,0,0,0,0.84793675,0.11397934,0,0.011698325,0,0,0,0.019359153,0
538,0,0,0,0,0,0,0,0,0.050178967,0,0,0.8683675,0,0.08014381,0,0,0,0,0,0
539,0,0,0,0,0,0,0,0,0.27040452,0,0,0.45712072,0,0.23383835,0,0,0,0,0,0
540,0,0,0,0,0,0,0,0,0,0,0.07107909,0.78615683,0,0,0.080973566,0,0,0.055123832,0,0
541,0,0,0,0,0,0,0,0,0,0,0,0.99849445,0,0,0,0,0,0,0,0
542,0,0,0,0,0,0,0,0,0,0,0,0.9990236,0,0,0,0,0,0,0,0
543,0,0,0,0,0,0,0,0,0,0,0,0.9988329,0,0,0,0,0,0,0,0
544,0,0,0,0,0,0,0,0.088980615,0,0,0,0.75608975,0.04520367,0,0,0.08592731,0.013212319,0,0,0
545,0,0,0,0.08551592,0,0,0,0,0,0.10155682,0.036531143,0.7029388,0,0,0,0,0.072339565,0,0,0
546,0,0,0,0.12377626,0,0,0,0.021689262,0,0,0,0.85361856,0,0,0,0,0,0,0,0
547,0,0,0,0,0,0,0.062413596,0,0.048050575,0.081073396,0,0.7940019,0,0,0,0,0,0,0,0
548,0.06086545,0,0,0,0,0,0,0.094095856,0,0,0,0.8348654,0,0,0,0,0,0,0,0
549,0,0,0,0,0,0,0,0,0,0,0,0.7875611,0,0,0,0,0.2091422,0,0,0
550,0,0.09125828,0,0.31884137,0,0,0,0,0,0,0,0.3097254,0,0,0.06979554,0,0,0,0.19981599,0
551,0,0,0,0.28450063,0,0,0,0,0,0,0,0.71414316,0,0,0,0,0,0,0,0
552,0.08130608,0,0,0.076579675,0,0,0,0.114105076,0,0,0,0.44713324,0.23811124,0,0,0,0,0,0,0.03769168
553,0,0,0,0,0,0,0,0,0,0,0,0.9973684,0,0,0,0,0,0,0,0
554,0,0,0,0.22575477,0,0,0,0.046745714,0,0,0,0.68160397,0,0,0,0.043514628,0,0,0,0
555,0.16629183,0,0,0.2676861,0,0,0,0,0,0,0,0.38210556,0.15284202,0,0,0.028787907,0,0,0,0
556,0,0,0,0.90661174,0,0,0,0,0,0,0,0,0.08489772,0,0,0,0,0,0,0
557,0.036118317,0,0,0,0,0,0,0,0,0,0,0.26399562,0,0.49659407,0,0,0,0,0.20144439,0
558,0.0518739,0,0,0.05803781,0,0,0,0,0,0,0,0.5185927,0.010958929,0.26646432,0,0,0,0,0.09347201,0
559,0,0,0,0.692027,0,0,0,0,0,0,0,0.2906858,0.015167481,0,0,0,0,0,0,0
560,0,0,0,0.60861677,0,0,0,0,0,0,0,0.29156762,0,0,0,0,0,0.09407234,0,0
561,0,0,0,0.1081315,0,0,0,0,0,0.18058196,0,0.5686489,0.08687852,0,0,0,0,0.05288562,0,0
562,0,0,0,0,0,0,0,0,0,0,0.013103307,0.49962592,0.05080346,0.3129022,0,0.031936854,0,0,0.088608295,0
563,0,0,0,0.47100502,0,0,0,0,0,0,0,0.52530646,0,0,0,0,0,0,0,0
564,0,0,0,0.1848839,0,0.059708707,0,0,0,0,0,0.5047768,0.021255797,0,0,0,0,0,0.2279651,0
565,0,0.061731264,0,0,0,0.05140502,0,0.01678637,0,0,0,0.13862883,0.16765504,0.028811803,0,0.09272726,0,0,0.44103983,0
566,0.15321401,0,0,0,0,0,0,0.17164724,0,0.21817376,0,0,0.362556,0,0,0,0.09215675,0,0,0
567,0,0,0,0.62498456,0,0,0,0,0,0,0,0,0.3711693,0,0,0,0,0,0,0
568,0.6190482,0,0,0.012922526,0,0,0.040322144,0,0,0,0,0,0.18335989,0,0,0,0.14225815,0,0,0
569,0.673595,0,0,0,0,0,0,0,0,0.11263907,0,0,0,0,0,0.20668262,0,0,0,0
570,0.55662215,0,0.06405897,0.09303723,0,0,0.21482825,0,0,0,0,0,0,0,0,0,0.06347463,0,0,0
571,0.2158724,0,0,0,0,0,0.2389042,0,0,0,0,0.13675655,0,0.052625142,0,0,0.3370917,0,0,0
572,0,0,0,0.35541707,0,0,0,0,0,0,0,0,0.3949271,0,0,0,0,0,0.24777526,0
573,0,0,0,0,0,0,0,0,0,0,0,0.15068124,0,0,0,0,0,0,0.8474398,0
574,0.47621533,0,0,0.45086047,0,0,0,0,0,0,0,0,0,0,0,0,0.06259799,0,0,0
575,0.5322698,0,0,0.11660294,0,0,0.09410682,0,0,0.056633446,0,0.016133687,0.026435494,0,0,0,0.1566186,0,0,0
576,0.78285176,0,0,0,0,0,0,0,0,0,0,0,0,0,0,0,0.21585512,0,0,0
577,0.8251293,0,0,0.16928062,0,0,0,0,0,0,0,0,0,0,0,0,0,0,0,0
578,0.17347996,0,0,0.27138096,0,0,0.043050207,0,0,0,0.16118966,0.12827179,0,0,0.02447953,0,0.037889913,0,0.1593041,0
579,0,0,0.036028437,0.78579915,0,0.049849708,0,0,0,0,0,0.034706593,0.07307049,0,0,0.011240829,0,0,0,0
580,0,0,0,0.35288194,0,0,0,0,0,0.028106363,0,0.07535411,0.16557351,0,0,0,0,0,0.3768626,0
581,0,0,0,0.19596449,0,0.092052065,0,0,0,0,0,0.1119591,0.10389862,0.020030735,0,0,0,0,0.47509494,0
582,0.20162764,0,0,0.47027335,0.018783415,0.054747913,0,0.04525839,0,0,0,0,0.15991227,0,0,0.017847633,0.030829135,0,0,0
583,0,0.024507824,0,0,0,0.15523298,0,0,0,0,0,0,0.110157266,0,0,0,0,0,0.7089525,0
584,0.22913893,0,0,0.7027413,0,0,0,0,0,0,0,0.012268258,0,0,0,0,0.054222196,0,0,0
585,0.18362036,0,0.17250745,0.5831156,0,0,0,0,0,0,0,0,0,0.05816761,0,0,0,0,0,0
586,0.95236737,0,0,0,0,0,0,0.027320074,0,0,0,0,0,0,0,0.019867979,0,0,0,0
587,0.93527037,0,0,0,0,0,0,0,0,0,0,0,0,0,0,0,0,0,0.06426333,0
588,0.8528448,0,0,0.023752483,0,0,0,0,0,0,0,0,0,0,0,0,0,0,0.12295723,0
589,0.9995003,0,0,0,0,0,0,0,0,0,0,0,0,0,0,0,0,0,0,0
590,0,0,0,0.3680123,0,0.062319513,0,0,0,0,0,0,0.3831402,0,0,0,0,0.014437917,0.17022903,0
591,0,0,0,0.9034803,0,0,0,0,0,0,0,0,0,0,0,0,0,0,0.08808299,0
592,0,0,0,0.18144289,0,0,0,0.28087947,0,0,0.014109341,0,0.121229105,0,0,0.045654032,0.024953222,0,0.2679981,0.04274493
593,0,0,0,0.8691183,0,0.049351197,0,0,0,0,0,0,0.07696069,0,0,0,0,0,0,0
594,0.10009431,0,0,0.82170403,0.039133806,0,0,0,0,0,0.033434127,0,0,0,0,0,0,0,0,0
595,0,0,0,0.22354205,0,0,0,0.25982586,0,0.21767835,0.28828707,0,0,0,0,0,0,0,0,0
596,0,0,0,0.55401254,0,0,0,0,0,0,0.013001991,0,0.13057819,0,0,0.027937153,0,0,0.2731139,0
597,0,0.034398854,0,0.29775855,0,0,0,0,0,0,0.06603184,0.061788347,0,0,0.07349992,0,0,0,0.46460995,0
598,0,0,0,0,0.011950598,0.06335843,0,0.7031027,0,0.10157766,0,0,0,0,0,0.0956706,0,0,0,0.023980323
599,0.125448,0,0,0.17942972,0,0.1316103,0,0,0,0.034660373,0.19738781,0,0.025214976,0.05734854,0,0,0,0,0.24774191,0
600,0,0,0,0.39812163,0,0,0,0,0,0,0,0,0.06003597,0,0.07086369,0,0,0,0.46968418,0
601,0.04311264,0,0,0.15980422,0,0.02313143,0,0.11367802,0,0.051505767,0,0,0.027693832,0,0.010437926,0.05969651,0,0,0.50462186,0
602,0.15282792,0,0.04586355,0.63853645,0,0,0.15543267,0,0,0,0,0,0,0,0,0,0,0,0,0
603,0.04930931,0,0,0.11267178,0,0,0,0,0,0,0.011570396,0,0.07648283,0.043005988,0.022521129,0,0,0,0.6834228,0
604,0.0826487,0,0,0.7193877,0,0,0,0,0,0,0,0.19286977,0,0,0,0,0,0,0,0
605,0,0,0,0,0,0,0,0.08014744,0,0,0,0.16661051,0,0.014427648,0,0,0,0,0.7378754,0
606,0,0,0.015355544,0.32727182,0,0,0,0,0,0,0.020277485,0,0.05741038,0,0,0,0,0,0.56713784,0
607,0.08681614,0,0.093102895,0.71387154,0,0,0,0,0,0,0.036037087,0.048284307,0,0,0,0,0,0,0.019847231,0
608,0,0,0,0.8690326,0,0,0.041646127,0,0.055261947,0,0,0,0,0,0,0.029914191,0,0,0,0
609,0,0,0.013809126,0.5191259,0,0,0,0,0,0,0,0,0.113236606,0.027500063,0,0,0,0,0.32448554,0
610,0,0,0,0.629179,0,0,0,0,0,0,0.3569749,0,0,0,0,0,0,0,0,0
611,0.05676682,0,0,0,0,0,0,0.4092738,0,0,0,0.01981713,0.25292513,0,0,0.036951084,0,0,0.13580999,0.07149039
612,0.30859223,0,0,0.09930762,0,0,0,0.2275784,0,0,0,0.06726848,0,0,0,0.17539279,0.0681616,0,0.052691136,0
613,0,0,0,0.16004042,0.010662503,0,0,0.30766958,0,0.018948209,0.0101292,0,0.113607086,0,0,0.07288205,0.055091333,0,0.24636297,0
614,0,0,0,0.7825393,0,0,0,0,0,0,0.05465458,0,0,0.022532638,0,0,0,0,0.13867474,0
615,0.11040464,0,0,0.2561837,0,0,0,0.38445306,0,0,0,0,0.23862894,0,0,0,0,0,0,0
616,0,0,0,0.4509805,0,0,0,0,0,0,0.07692837,0,0,0,0,0,0,0,0.4700769,0
617,0.019187799,0,0,0.75386226,0,0,0,0,0.010792629,0,0,0.06922667,0,0,0,0,0.055437546,0,0.04706464,0.042927336
618,0,0.05083518,0.39815,0.32917535,0,0.087903775,0,0,0.010112405,0,0.08131439,0,0.03961999,0,0,0,0,0,0,0
619,0,0,0,0,0,0,0,0,0,0,0,0.011880844,0,0,0.101807244,0,0,0,0.8847793,0
620,0,0,0,0.23050982,0,0,0,0.22471844,0,0.03872639,0.025415475,0,0.10937172,0,0,0.013724978,0,0,0.35081336,0
621,0.05877691,0,0,0.85417926,0,0,0,0,0,0.08481868,0,0,0,0,0,0,0,0,0,0
622,0,0,0.24205634,0.72064257,0,0,0,0,0,0,0.031141661,0,0,0,0,0,0,0,0,0
623,0,0,0,0.47037762,0,0.034685373,0,0,0,0.029291159,0,0,0.05819315,0,0,0,0,0,0.4063299,0
624,0,0,0.22058523,0.44894552,0,0,0,0.07808035,0,0,0.20990442,0,0,0,0,0,0.04042401,0,0,0
625,0,0,0,0.6315131,0,0,0,0,0,0,0,0.07240039,0,0.07763454,0,0,0,0,0.20279269,0
626,0,0,0,0.29274973,0,0.027148535,0,0,0,0,0.13955933,0.112146065,0,0,0,0,0.063252546,0,0.36349288,0
627,0,0,0,0.20753588,0,0,0,0,0,0,0,0,0.036964446,0,0,0,0.041626055,0,0.71268845,0
628,0,0,0,0.40793374,0,0,0,0,0,0.013675409,0,0,0.055921406,0,0.026212474,0,0,0,0.49521822,0
629,0.04912372,0,0.012330747,0.6341994,0,0,0,0.033400487,0,0.029196527,0.011528948,0,0,0,0,0,0,0,0.22923379,0
630,0.055686552,0,0,0.8459643,0,0.03150913,0,0,0,0,0.022837665,0,0,0,0,0,0.04179651,0,0,0
631,0,0,0,0.75304663,0,0.06797606,0,0.06390432,0,0,0.030548979,0,0,0,0,0,0,0,0.08199025,0
632,0,0,0,0.9804491,0,0,0,0,0,0,0,0,0,0,0,0,0,0.017064732,0,0
633,0,0,0,0.74658114,0,0,0,0,0,0,0,0,0.06433619,0,0,0.064943545,0,0,0.12263826,0
634,0,0,0.029800257,0.3040754,0,0,0,0.32049537,0,0,0.031035703,0,0,0,0.012591527,0.07881018,0.11920237,0,0.10301673,0
635,0.11678493,0,0,0,0,0,0,0.035068445,0,0,0.6381148,0.054625735,0,0,0,0,0.060318075,0,0.0915401,0
636,0,0,0,0.6137269,0,0,0,0,0.022214497,0,0.072108634,0,0,0,0.04397304,0,0,0,0.2448124,0
637,0,0,0,0,0,0,0,0,0,0,0.9993811,0,0,0,0,0,0,0,0,0
638,0.33530483,0,0,0,0,0,0,0.0715068,0.016305298,0.013615816,0.48552975,0,0,0,0,0.022639105,0,0.011077957,0,0.043254126
639,0.2717181,0,0,0,0,0,0,0.051444776,0.022384575,0.054143686,0.33805826,0.03711605,0.047606293,0,0,0,0.069262534,0,0,0.10073322
640,0.026763823,0,0,0.24153884,0,0,0,0,0,0,0.09769605,0,0,0,0,0,0,0,0.63329715,0
641,0,0,0,0.9515302,0,0,0,0,0,0,0,0,0,0,0,0,0.045799196,0,0,0
642,0.26420462,0,0,0,0,0,0,0.10076067,0.029554045,0,0.46191758,0.042494457,0,0,0.022804439,0.05609661,0,0,0.021383233,0
643,0,0,0.09251775,0.70373625,0,0,0,0,0,0,0.17969081,0,0,0,0,0,0.019659575,0,0,0
644,0.34138796,0,0,0,0,0,0,0,0,0,0.48140538,0,0,0,0,0,0,0,0.17612246,0
645,0.06838208,0,0,0.91617656,0,0,0,0,0,0,0,0,0,0,0,0,0,0,0.014185837,0
646,0,0,0,0,0,0,0,0,0,0,0.4251915,0.11937271,0,0.13851395,0,0,0,0,0.3099043,0
647,0,0,0,0,0,0,0,0,0,0,0.3377059,0.06750252,0,0,0,0,0,0,0.5908381,0
648,0,0,0,0.18477215,0,0,0,0,0,0,0,0,0,0,0,0,0,0,0.81396914,0
649,0.17063077,0,0.07475648,0.2909407,0,0,0,0.0830444,0,0,0,0.10484828,0,0,0,0.11531213,0.14555387,0,0,0
650,0.293448,0,0,0.46634573,0,0,0,0,0.08154575,0,0.04991338,0.013205454,0,0,0,0,0.08529679,0,0,0
651,0,0,0,0.97705424,0,0,0,0,0,0,0,0,0,0,0.019242069,0,0,0,0,0
652,0,0,0,0.6847596,0,0,0,0.14601214,0,0,0,0,0,0,0,0.06488264,0,0,0.10338867,0
653,0.09858156,0,0,0,0,0,0,0.022563424,0,0,0.7855958,0,0,0,0,0.09226668,0,0,0,0
654,0,0,0.029873146,0.16157043,0,0,0,0,0,0,0.7927016,0,0,0,0,0,0,0,0,0
655,0,0,0.123292096,0.6903416,0,0,0,0,0,0,0.12886421,0,0,0,0,0,0.05085232,0,0,0
656,0.047460098,0,0,0,0,0,0,0,0,0,0.9515218,0,0,0,0,0,0,0,0,0
657,0,0,0,0.59769857,0,0,0,0,0,0,0.3973291,0,0,0,0,0,0,0,0,0
658,0,0.098082215,0,0.26274225,0,0,0,0,0,0.060873553,0.5727464,0,0,0,0,0,0,0,0,0
659,0,0,0,0,0,0,0,0,0,0,0.88359344,0,0,0,0,0,0.036163654,0,0.07195519,0
660,0,0,0,0,0,0,0,0,0,0,0.9806122,0,0,0,0,0,0,0,0,0
661,0,0,0,0.45068607,0,0,0,0,0,0,0.42536375,0.024127021,0,0,0,0,0,0,0.099103115,0
662,0,0,0,0.3176729,0,0,0,0,0,0,0.4403066,0.13736814,0,0,0,0.018674748,0,0,0.075589254,0
663,0,0.14082754,0,0.13851053,0,0,0,0,0,0,0.6710962,0,0,0,0.015966209,0,0,0,0.03207198,0
664,0.05453498,0,0,0,0,0,0,0,0,0,0.76210535,0.06166342,0,0,0,0,0,0,0.1207062,0
665,0,0,0,0.5148669,0,0,0.03452871,0,0.17571498,0,0.22941446,0,0,0,0,0,0.04170611,0,0,0
666,0,0,0,0.66188866,0,0,0,0,0,0,0,0,0.16735642,0.015508772,0,0,0,0,0.15414272,0
667,0,0,0.061999176,0.68302476,0,0,0,0.07365425,0,0,0.16252622,0,0,0,0,0,0.017541451,0,0,0
668,0.1321295,0.010131274,0,0,0,0,0,0,0,0,0.7545962,0,0,0,0,0,0,0,0.10210141,0
669,0.021963995,0,0,0.17900953,0,0,0,0,0,0,0.62893957,0,0,0,0,0,0,0,0.1692068,0
670,0.064984,0,0,0.10396797,0.012930648,0,0,0.051528048,0,0.0977816,0.63129413,0,0,0,0,0,0.03678814,0,0,0
671,0,0,0.08366614,0.64453095,0.031938672,0,0,0,0,0,0.23746184,0,0,0,0,0,0,0,0,0
672,0,0,0,0.41550118,0,0,0,0.15587562,0,0.037974533,0,0.017897807,0,0,0,0.037890952,0.028290087,0,0.28959697,0
673,0,0,0,0,0,0,0,0,0,0,0.37776902,0,0,0,0,0,0,0,0.6160666,0
674,0.064318955,0,0,0.6208711,0,0,0,0,0,0,0.035604037,0.035032112,0,0,0,0,0,0,0.23933412,0
675,0,0,0,0.37029564,0,0.043872025,0,0,0,0,0,0,0,0,0,0,0,0,0.58126783,0
676,0.021315547,0,0,0.18926908,0,0,0,0,0,0,0.061044354,0.09644056,0,0,0,0.03875391,0,0,0.5921532,0
677,0,0,0,0.40396076,0,0,0,0,0,0,0,0,0,0,0,0,0,0,0.58471555,0
678,0.30291244,0,0,0,0,0,0.028108595,0,0,0,0.47520602,0,0,0.023165977,0,0,0,0,0.11152174,0.058111634
679,0.269469,0,0,0,0,0,0,0.058810934,0,0,0.46106425,0.02069738,0,0,0,0,0,0,0.14467716,0.044475734
680,0,0,0,0.19631055,0,0.017777689,0,0.26555791,0,0.13481516,0.38141784,0,0,0,0,0,0,0,0,0
681,0,0,0,0.22380835,0,0,0,0,0,0,0.350251,0,0,0,0,0,0,0,0.41244859,0
682,0.26644245,0,0,0,0,0,0,0.023150526,0.011370223,0.05378169,0.4659522,0,0,0,0,0,0,0,0.17813936,0
683,0.37681025,0,0,0,0,0,0,0.06437931,0,0,0.39550862,0,0,0,0,0,0,0,0.16152407,0
684,0,0,0,0.16598925,0,0,0,0.24735676,0,0,0.029369634,0,0.05241008,0,0,0.022182468,0.08372467,0,0.3949801,0
685,0.36589208,0,0,0,0,0,0,0,0,0,0.44300663,0,0,0,0,0,0,0,0.18941477,0
686,0.028779408,0.0248438,0,0.10568571,0,0,0,0,0,0,0.11876844,0.06586515,0,0,0,0,0,0,0.65508527,0
687,0.38261637,0,0,0,0,0,0,0.05268523,0,0,0.38028646,0,0,0,0.018954678,0.020061145,0,0,0.14446773,0
688,0,0.029230654,0,0,0,0,0,0,0.36001608,0,0.60650325,0,0,0,0,0,0,0,0,0
689,0,0,0.040413234,0.4485601,0,0,0,0,0,0.069216676,0.2831116,0,0,0,0,0,0.15526675,0,0,0
690,0.4100245,0,0,0,0,0,0,0.103230834,0.02368691,0,0.2860231,0,0,0.041894354,0,0.032321613,0,0,0.09422732,0
691,0.15211463,0.030558284,0,0.09862203,0,0,0,0,0,0,0,0.052921157,0,0,0,0,0,0,0.66446346,0
692,0.6551683,0,0,0.012442816,0,0,0,0,0,0,0.23230322,0,0,0,0,0,0,0,0.0991253,0
693,0.49136344,0,0,0.0847232,0,0,0.02584401,0,0,0,0.21504678,0.020040233,0,0,0,0,0,0,0.15688705,0
694,0,0,0,0.18654406,0,0,0,0.18298,0,0,0.09440845,0,0,0,0,0.09731808,0.17740434,0,0.20115885,0.05981328
695,0.02529159,0,0,0.12394613,0,0,0,0.030066613,0,0,0.042674273,0,0,0,0,0,0,0,0.77704227,0
696,0.18907055,0,0,0.5960181,0,0.05450584,0,0,0,0,0.15843129,0,0,0,0,0,0,0,0,0
697,0,0,0.1787679,0.35712746,0,0,0,0.09065652,0,0,0.36624092,0,0,0,0,0,0,0,0,0
698,0,0,0,0,0,0,0,0,0,0,0,0,0,0,0,0,0,0.10135057,0.88521653,0
699,0,0,0,0.18667209,0,0,0,0,0,0,0,0,0.06701785,0,0,0,0,0,0.74284065,0
700,0.134674,0,0,0.028693626,0,0,0,0,0,0,0.29862663,0,0,0,0,0,0,0,0.5360157,0
701,0.1705849,0,0,0.25960204,0,0,0,0.2309859,0,0.037467588,0.022937829,0,0.011697373,0,0,0,0,0,0.19912127,0.061111335
702,0,0,0,0.99769974,0,0,0,0,0,0,0,0,0,0,0,0,0,0,0,0
703,0.17004612,0,0,0.02521694,0,0,0.029484002,0,0,0,0.08304836,0,0,0,0,0,0,0,0.69132113,0
704,0,0,0,0.43079594,0,0,0,0.33166397,0,0.038047202,0,0,0,0,0,0.012614968,0.07298595,0,0.113023505,0
705,0.063185975,0,0,0,0,0,0,0,0,0,0,0.101784304,0,0,0,0,0,0,0.83346725,0
706,0,0,0,0.47528663,0,0,0,0.479713,0,0,0,0,0,0,0,0,0.04385638,0,0,0
707,0,0,0,0.05879901,0,0,0,0,0,0,0,0,0,0,0,0,0,0,0.9398676,0
708,0.08641011,0,0,0.16421063,0,0,0,0,0,0,0.028899495,0.09569933,0,0,0,0,0,0,0.6232498,0
709,0.22323318,0,0,0,0,0,0,0,0,0,0,0,0,0,0,0,0,0,0.7597857,0
710,0,0,0,0.33986062,0,0,0,0.49067852,0,0,0,0,0,0,0,0.015671805,0.059399493,0,0.08610433,0
711,0.11252724,0,0,0,0,0,0,0,0,0,0,0,0,0,0,0,0,0.046088804,0.8397649,0
712,0,0,0,0,0,0,0,0,0,0,0,0,0,0,0,0,0,0,0.9978161,0
713,0.3707393,0,0,0,0,0,0,0.114902735,0,0,0,0,0,0,0,0,0.16404009,0,0.3390503,0
714,0.29666993,0,0,0.69148797,0,0,0,0,0,0,0,0,0,0,0,0,0,0,0,0
715,0,0,0,0.8595257,0,0,0,0,0,0,0,0,0.093130074,0,0,0,0,0,0.043696217,0
716,0,0,0,0.088638104,0,0,0,0,0,0,0,0,0,0,0,0,0,0,0.9066,0
717,0.3653008,0,0,0.23518553,0,0,0,0.06476926,0,0,0.114763655,0,0,0.19255888,0,0,0,0,0.026101083,0
718,0.499071,0.05650709,0,0.125044,0,0,0,0.016426364,0,0,0.08500801,0,0,0.2140773,0,0,0,0,0,0
719,0.07724367,0,0,0.15592544,0,0,0,0.48724273,0,0,0,0,0,0,0,0,0.09818343,0,0.18044572,0
720,0.44669098,0,0,0,0,0,0,0.39907128,0,0,0.025610348,0,0,0.0790168,0,0.026850048,0,0.021899525,0,0
721,0.5934369,0,0,0.052461274,0,0.05266584,0,0,0,0,0.17303216,0,0,0.08343411,0,0,0,0,0.04418141,0
722,0.21429527,0,0,0.5433475,0,0,0,0.07447805,0,0,0,0,0,0,0,0,0,0,0.16481403,0
723,0.28027055,0,0,0.43121198,0,0,0.21867585,0,0,0,0,0,0,0,0,0,0.06682272,0,0,0
724,0.22225219,0,0,0.66947347,0,0,0,0,0,0,0,0,0,0.10268224,0,0,0,0,0,0
725,0.15839157,0,0.1355447,0.1280819,0,0,0,0.10169054,0,0,0.32832927,0,0,0.13307686,0,0,0,0,0,0
726,0,0,0,0.13444124,0,0,0,0.29820728,0,0,0,0,0.1847972,0,0,0,0,0,0.38079605,0
727,0.29467875,0,0.13659056,0.41309837,0,0,0,0,0,0,0,0,0,0,0,0,0,0.15187643,0,0
728,0.08928664,0,0,0,0,0,0,0.70407534,0,0.05287163,0.027550094,0.024834508,0,0,0,0.06521474,0.022537852,0.01299364,0,0
729,0,0,0,0,0,0.02372316,0,0.71572334,0,0,0,0,0.06344825,0,0,0,0,0,0.18804699,0
730,0,0,0,0.079087175,0,0,0,0.039391745,0,0,0,0,0.09739949,0,0,0,0,0,0.7835095,0
731,0,0,0,0.70533603,0,0,0,0.032271747,0,0,0,0,0,0,0,0.075528294,0.043791287,0,0.1414904,0
732,0.027378703,0,0,0,0,0,0,0.8647211,0,0,0,0,0,0,0.08383361,0,0,0,0,0.021013146
733,0,0,0,0.42158052,0,0,0,0,0,0,0,0,0.10338086,0,0,0,0,0,0.47350433,0
734,0,0,0,0.14722645,0,0,0,0,0,0.03912739,0,0.048058283,0,0,0.049385898,0,0,0,0.7147371,0
735,0,0,0,0.18525198,0,0,0,0.5097546,0,0,0,0,0,0,0,0.028065734,0.19159289,0,0.0825908,0
736,0.34285405,0,0,0.55403566,0,0,0,0,0.048977017,0,0,0,0,0,0,0,0,0,0.047681663,0
737,0.19467415,0.02195588,0,0.44074005,0.010177728,0,0,0.1938915,0,0,0,0,0,0,0,0,0.11782519,0,0.019557936,0
738,0.1570143,0,0,0,0,0,0,0.84258693,0,0,0,0,0,0,0,0,0,0,0,0
739,0.28340447,0,0.011908754,0,0,0,0,0.62599045,0,0,0.034202814,0,0,0,0,0,0.0310851,0,0,0
740,0.15410817,0.07152084,0,0,0,0,0,0.39138442,0.03262937,0,0,0.01967586,0,0,0,0,0,0,0.32702667,0
741,0,0,0,0.17537615,0,0.05725557,0,0.36801907,0,0,0,0,0.046572726,0,0,0,0,0,0.35200405,0
742,0,0,0,0.9314841,0,0,0,0,0,0,0,0,0.064585775,0,0,0,0,0,0,0
743,0.026964441,0,0,0.0717389,0,0,0,0.6930356,0,0,0.06526293,0,0,0,0,0.018845685,0.06990492,0,0.05328878,0
744,0.21812123,0.106800556,0,0,0,0,0,0.12137492,0.02313086,0.05714833,0.09758941,0,0,0,0,0.020166878,0,0,0.34746307,0
745,0,0,0,0.04466832,0,0.015277606,0,0.8275788,0,0,0,0.05736312,0,0,0,0,0.03868828,0,0,0
746,0,0.032178693,0,0.31874537,0,0.03982582,0,0,0,0,0,0,0.05986511,0,0,0,0,0,0.53514844,0
747,0,0,0,0.14074181,0,0,0,0.030933606,0.12491158,0.17787476,0.04156773,0,0,0,0,0,0,0,0.4782328,0
748,0,0,0,0.031634413,0,0.0500752,0,0.7571644,0,0,0,0.04467986,0,0,0,0,0.11484009,0,0,0
749,0,0,0,0.18554445,0,0,0,0.58664685,0,0,0,0,0,0,0,0,0.03512359,0,0.19170833,0
750,0,0.4172448,0,0.10507888,0.023640875,0,0,0,0,0,0,0,0,0,0,0,0,0,0.4489722,0
751,0,0,0,0,0,0,0,0.9365776,0,0,0,0,0.024694297,0,0,0,0.037501503,0,0,0
752,0.07135282,0,0,0,0,0,0,0,0,0,0,0,0,0,0.12524985,0,0,0,0.79780525,0
753,0,0,0,0.18648745,0,0,0,0.4680841,0,0,0,0,0.013915784,0,0,0,0,0,0.32913503,0
754,0.053308383,0.013071813,0,0.48281115,0,0,0,0.3532443,0,0,0,0,0,0,0,0,0.096427985,0,0,0
755,0,0,0,0.3641476,0,0.030672338,0,0.28306708,0,0,0,0,0.13515878,0,0.059259847,0,0.08780337,0,0.03890167,0
756,0,0.20389618,0,0,0,0,0,0.25280315,0,0,0,0,0,0,0,0,0,0,0.5421052,0
757,0,0.1530634,0,0,0,0,0,0.1148916,0,0,0,0,0,0.063848235,0,0,0,0,0.6653799,0
758,0,0.5528867,0,0,0,0,0,0,0.04803983,0,0.18737097,0,0.04149461,0,0,0,0,0,0.16606419,0
759,0.041669413,0,0,0.50335824,0,0,0,0.3429079,0,0,0,0,0.045155935,0,0,0,0,0,0.062161166,0
760,0.11960598,0.08637571,0,0.3773309,0,0,0,0.18477933,0,0,0,0,0,0,0,0,0.18909447,0,0.03603912,0
761,0.23266895,0.10352267,0,0,0,0,0,0.57173747,0,0,0,0,0,0,0,0,0.028896078,0,0.05343999,0
762,0,0.023260128,0,0.7562687,0,0.028611984,0,0.031338945,0,0,0,0,0,0,0,0,0,0,0.1586684,0
763,0,0,0,0.79475874,0,0.05216616,0,0.113583304,0,0,0,0.0292209,0,0,0,0,0,0,0,0
764,0.29237092,0.063411154,0,0,0.020524116,0,0,0.37431148,0,0,0.16645011,0,0,0,0,0,0.01462679,0,0.06736482,0
765,0.0788111,0,0,0.31411663,0,0,0,0.41966164,0.030951735,0,0,0,0,0,0,0,0.15475436,0,0,0
766,0.046191875,0,0,0.7360132,0.021471199,0.055876628,0.023329966,0,0,0,0,0,0.027160369,0,0,0,0.08531792,0,0,0
767,0.13670981,0,0.012025885,0.39338645,0,0,0.13065729,0.28509045,0,0,0,0,0,0,0,0,0.041155156,0,0,0
768,0.14653091,0,0,0.09602951,0,0,0,0.5173543,0,0,0.02745723,0,0.015713245,0,0,0,0.19571823,0,0,0
769,0,0,0.05285413,0,0,0,0,0.12218392,0,0.2130289,0.52965593,0,0,0,0,0,0.08038317,0,0,0
770,0,0,0,0.115895666,0,0,0,0,0,0,0,0,0,0,0,0,0,0,0.8730549,0
771,0,0.084788024,0,0.47036174,0,0,0,0.057406157,0,0,0,0.021746425,0,0.071035005,0,0.037508138,0,0.20616898,0.049717035,0
772,0,0,0,0.016485225,0.04097344,0.06768989,0,0,0.01327623,0.054901037,0,0,0,0,0.015341546,0,0,0,0,0.79058826
773,0,0.020589776,0.014012158,0.24298269,0,0,0,0.5105998,0,0,0,0.012367391,0,0,0,0,0.15804145,0,0.040754132,0
774,0,0.038369067,0,0.2567809,0,0,0,0,0,0,0,0,0,0.045285568,0,0,0,0,0.6585063,0
775,0.0490978,0.13213558,0,0.40952522,0,0,0,0,0,0,0,0.056899663,0.037496552,0.021267064,0.020665703,0,0.026102027,0,0.24126345,0
776,0,0,0,0.27517214,0,0,0,0,0,0,0,0,0,0.052041557,0,0,0,0,0.67165595,0
777,0.051040594,0,0,0,0,0,0,0.84166366,0,0,0,0,0,0,0,0,0.10561594,0,0,0
778,0,0.5239261,0,0,0,0.04127211,0,0,0,0,0,0,0,0,0,0,0,0,0.43354443,0
779,0,0.5244324,0,0,0,0.082165696,0,0,0,0,0,0,0,0,0,0,0,0,0.39009455,0
780,0,0,0,0.16825078,0,0,0,0.4481466,0,0,0,0,0.029472698,0,0,0.011935229,0.23868002,0,0.09472493,0
781,0.20639803,0,0.077454254,0.39101055,0,0,0,0.17812213,0,0,0,0,0,0,0,0,0.138927,0,0,0
782,0,0.015129265,0,0,0,0,0,0.09336835,0,0,0,0.04610102,0,0,0,0,0.0776434,0,0.76694363,0
783,0.04263695,0,0.0925353,0.6823931,0,0,0,0,0,0,0,0,0,0,0,0,0.078076504,0,0.09431683,0
784,0.04252798,0.35157302,0,0.0427913,0,0,0,0.027461361,0,0,0,0.08534074,0,0,0.14681658,0,0.012773219,0,0.2900869,0
785,0.05990309,0.2061497,0,0.12267283,0,0,0.027445816,0,0,0,0.0312085,0.30431482,0,0.048297085,0.035597876,0,0.015970094,0,0.14754891,0
786,0,0.76994234,0,0,0,0,0,0,0,0,0,0.19489475,0,0,0.034647454,0,0,0,0,0
787,0,0,0,0.4623584,0,0,0.4263081,0,0,0,0,0,0,0,0,0.039735522,0.06725019,0,0,0
788,0,0.5462104,0,0.27925736,0,0,0,0,0,0,0,0.16981004,0,0,0,0,0,0,0,0
789,0,0.03892906,0,0.44754267,0,0,0,0.2837857,0,0,0,0,0.016199842,0,0,0,0.1778535,0,0.034994077,0
790,0,0,0,0.6167208,0,0,0,0.37571618,0,0,0,0,0,0,0,0,0,0,0,0
791,0,0,0,0.87667155,0,0,0,0,0,0,0,0,0,0,0,0.029057762,0,0,0.09249614,0
792,0,0,0,0.5039531,0,0,0.4933523,0,0,0,0,0,0,0,0,0,0,0,0,0
793,0,0.07422018,0,0.6735725,0,0,0,0,0,0,0,0.24981299,0,0,0,0,0,0,0,0
794,0.1119687,0,0,0.3411949,0,0,0.011975,0.26811776,0,0,0,0.04185879,0,0,0,0,0.20192292,0,0.022284133,0
795,0.19829719,0.34436,0,0,0,0,0,0.12284437,0,0,0,0,0,0,0,0,0.092752606,0.010097657,0.21571077,0
796,0.24826154,0,0,0.09266356,0,0,0.019331627,0.48740083,0,0,0,0,0,0,0,0,0.14556287,0,0,0
797,0,0,0,0.8612742,0,0,0,0.0656954,0,0,0,0,0,0,0,0,0.037750326,0,0.03355592,0
798,0,0,0,0.35620472,0,0,0,0.22977415,0,0,0,0,0,0,0,0,0.33501196,0,0.07808002,0
799,0,0.077690504,0,0.8088133,0,0,0.060532182,0,0,0,0,0.049311038,0,0,0,0,0,0,0,0
800,0.041566897,0,0,0.26943994,0,0,0,0,0,0,0,0,0,0,0,0,0.07306988,0,0.6141804,0
801,0.112228304,0,0,0.81341755,0,0,0,0,0.039281063,0,0,0,0,0,0,0,0.028621465,0,0,0
802,0,0,0,0.62861484,0,0,0,0.08301434,0,0,0,0,0,0,0,0,0.24376301,0,0.043422617,0
803,0,0.67191625,0,0,0,0,0,0.010324026,0.052895743,0.031445205,0,0,0,0,0,0,0,0,0.22606231,0
804,0,0.025982922,0,0.33596653,0,0,0,0,0,0,0,0.08885157,0.032148954,0,0,0,0.5037213,0,0,0
805,0,0,0,0.2801854,0,0,0,0,0,0,0.029153146,0,0,0,0,0,0.043661494,0,0.64553475,0
806,0,0,0,0.45463353,0,0,0,0.15110475,0,0,0,0,0,0,0,0,0.34945592,0,0,0.041740652
807,0.032618906,0.04141906,0,0.37129068,0,0,0,0.032320246,0.023119345,0,0.03724874,0,0,0,0,0,0.29893324,0,0.1622023,0
808,0.39009094,0.15701723,0,0.14520559,0.049004275,0,0,0,0,0,0.15676144,0,0,0.048268043,0,0.051846955,0,0,0,0
809,0,0,0,0.49536726,0,0,0,0,0,0,0,0.062428154,0.014033286,0.028385561,0,0,0,0,0.39854193,0
810,0,0.054018892,0,0.32999462,0,0,0,0,0,0,0,0,0,0,0,0,0.03606373,0,0.57838136,0
811,0,0,0,0.45388895,0,0,0,0,0,0,0,0,0,0,0,0,0,0,0.5414719,0
812,0.06287765,0.018265717,0.011802761,0.37364638,0,0,0,0.10505835,0,0,0,0,0,0,0,0,0.25562236,0,0.17077741,0
813,0.109659754,0,0,0.62674016,0,0,0,0.013248584,0.012401378,0,0,0.026079977,0,0,0.019225553,0,0.095529936,0,0.0827979,0
814,0.017808093,0.037913598,0,0.47961336,0,0,0.020799493,0.19981314,0,0,0,0,0,0,0,0,0.18511395,0.012718637,0.045476273,0
815,0.05210618,0.019386986,0,0.45245108,0,0,0,0.043016486,0.010665592,0,0,0,0,0,0,0,0.42137513,0,0,0
816,0.24036208,0.041042477,0,0.012806504,0,0,0.2213226,0.07477255,0,0,0,0,0,0,0,0,0.35822827,0,0.04693849,0
817,0,0.19613852,0.01911733,0.37855372,0,0,0,0,0,0,0,0,0,0.021446401,0,0,0,0,0.37871882,0
818,0,0,0,0.77380216,0,0,0.20783055,0,0,0,0,0,0,0,0,0,0,0,0,0
819,0.16286878,0.044032708,0.024120644,0.477419,0,0.039440054,0,0,0,0,0,0,0.01426239,0,0,0,0.05249761,0,0.16249582,0
820,0.067807496,0,0,0.4503998,0,0,0.09319571,0,0.068729036,0,0,0,0,0,0,0,0.26372337,0,0.05079104,0
821,0.053337432,0,0,0.8404463,0,0,0,0,0,0,0,0,0,0,0,0,0.09918802,0,0,0
822,0,0,0,0.27450913,0,0,0,0.27335292,0,0,0,0,0,0,0.01817192,0,0.39169347,0,0.04140209,0
823,0.032428555,0.011932168,0,0.42217258,0,0.0255371,0,0,0.022555405,0,0,0,0,0,0,0,0.051653396,0,0.4160665,0.016374966
824,0.06475574,0.40667138,0,0,0,0,0,0.02327892,0.2500018,0,0,0,0,0,0,0,0.07315573,0,0.17811345,0
825,0,0,0,0.36295187,0,0,0,0.030540628,0,0,0,0,0,0.015287935,0,0,0.44943666,0,0.14070529,0
826,0,0,0,0.6604395,0.0986651,0,0,0.050232437,0,0,0,0,0,0,0,0,0.18832378,0,0,0
827,0,0.55098486,0,0,0,0,0,0.089718774,0,0,0,0,0,0,0,0,0,0,0.35693523,0
828,0,0.46688315,0,0.100176856,0,0,0,0.2940374,0,0,0,0,0,0,0,0,0,0,0.13781857,0
829,0,0.2870157,0,0.36991918,0,0,0,0,0,0,0,0,0,0,0,0,0,0,0.34158427,0
830,0.04509357,0.04208465,0,0,0,0,0,0.2708927,0,0,0,0,0,0,0,0,0.6377185,0,0,0
831,0,0.88583887,0,0,0,0,0,0,0,0,0,0,0,0,0,0,0,0,0.11148257,0
832,0,0.28731462,0,0.29749164,0,0,0,0.11104489,0,0,0,0,0.05677892,0,0,0,0.16287155,0,0.0748711,0
833,0,0.7991305,0,0,0,0,0,0,0,0,0,0.12264052,0,0,0,0,0,0.0737553,0,0
834,0,0.5417809,0,0.3219416,0,0,0,0,0,0,0,0.049052194,0,0,0,0,0.077374175,0,0,0
835,0.32013422,0,0,0.10715916,0,0,0.040310316,0,0,0,0,0,0,0,0,0,0,0,0.524763,0
836,0,0.013555293,0,0.17606494,0,0,0,0.18506733,0,0,0,0.022333482,0,0.014354798,0,0,0.5072187,0,0.0806816,0
837,0.12303224,0.05793076,0,0.014610091,0,0,0.10426199,0.03207697,0,0,0,0.047211703,0,0,0,0,0.6201651,0,0,0
838,0.108874284,0.047359582,0,0,0,0,0.34583074,0.073975824,0,0,0,0,0,0,0,0,0.41240662,0,0,0
839,0,0.25323367,0,0.4239293,0,0,0,0,0,0,0,0,0,0,0,0,0.04300166,0,0.2596469,0
840,0,0.7509633,0,0,0,0,0,0,0,0,0,0.17435637,0,0,0,0.07129393,0,0,0,0
841,0,0,0,0.913131,0,0,0,0,0,0,0,0,0,0,0,0,0.07414699,0,0,0
842,0.37872654,0,0,0,0.02280197,0.015993908,0,0,0,0.15247609,0.012115263,0,0,0,0,0,0.19541916,0.03957159,0.18126507,0
843,0,0.32290307,0,0.34530297,0,0.093057096,0,0,0,0,0,0,0.061407745,0,0,0,0.039795697,0,0.13078171,0
844,0,0,0,0,0,0,0,0.274185,0,0,0,0,0.06507069,0,0,0,0.6518743,0,0,0
845,0.19926392,0,0.022801967,0.16243911,0,0,0,0,0,0,0,0,0,0,0,0,0.6098213,0,0,0
846,0.05651613,0,0,0.12188759,0,0,0,0,0,0,0,0,0,0,0,0.052155957,0.7677471,0,0,0
847,0,0.59543884,0,0.37986332,0,0,0,0,0,0,0,0.019727109,0,0,0,0,0,0,0,0
848,0.11687938,0,0,0.71185887,0,0,0.08391082,0,0,0,0,0,0,0,0,0,0.08364725,0,0,0
849,0,0.3958357,0,0.60036683,0,0,0,0,0,0,0,0,0,0,0,0,0,0,0,0
850,0,0,0,0.05050995,0,0,0,0.051990792,0,0,0,0,0,0,0,0,0.8890222,0,0,0
851,0,0.87443554,0,0,0,0,0.02675523,0,0,0,0,0.024347974,0,0,0,0,0,0,0.07225734,0
852,0,0,0,0.115419805,0,0,0.2386156,0.03621659,0,0,0,0,0,0,0,0,0.6085593,0,0,0
853,0.05483269,0,0,0.17628342,0,0,0,0,0,0,0,0,0,0,0.053983204,0,0.5911033,0,0.12195465,0
854,0.017834274,0.03441772,0,0.0568217,0,0,0,0.011215739,0,0,0,0,0,0,0,0,0.8584576,0,0.020717388,0
855,0,0,0,0.52754915,0,0,0.058862954,0,0,0,0,0.3446392,0,0,0,0,0.065952435,0,0,0
856,0,0,0,0.8239191,0,0,0,0,0,0,0,0.08053002,0,0,0,0,0,0,0.08995875,0
857,0,0.029858582,0.015042299,0.04280859,0,0,0,0,0,0,0,0,0.066382356,0,0,0,0.83397895,0,0.011456274,0
858,0,0,0,0.8653793,0,0,0,0,0,0,0,0,0,0,0,0,0.12832697,0,0,0
859,0,0,0.040904537,0.21052207,0.016669612,0,0.04977496,0.32026333,0,0,0,0,0,0,0,0,0.35167113,0,0,0
860,0,0,0,0.35163388,0,0,0.3467981,0,0,0,0,0,0,0,0,0,0.3005785,0,0,0
861,0,0.75296104,0,0.1514506,0,0,0,0,0,0,0,0.0173037,0,0,0,0,0,0,0.07695354,0
862,0,0.09640116,0,0.76670855,0,0,0.017724557,0,0,0,0,0.044005074,0,0,0,0,0.07390859,0,0,0
863,0,0,0,0.053447902,0,0,0,0,0,0,0,0,0,0,0,0,0.9082099,0,0.032652397,0
864,0.08912491,0.028361948,0.258941,0,0,0,0.26640913,0,0,0,0.086522594,0,0,0,0,0,0.26875868,0,0,0
865,0,0.042928588,0,0.020216037,0,0,0.029704276,0,0,0,0,0,0,0,0,0,0.9064921,0,0,0
866,0.26021546,0.041821092,0,0,0,0,0.09796792,0,0,0,0,0,0,0,0,0,0.59972066,0,0,0
867,0,0,0,0.4286129,0,0,0.04132766,0,0,0,0,0,0,0,0,0,0.52827376,0,0,0
868,0,0,0,0.78087777,0,0,0,0,0,0,0,0,0,0,0,0,0.21693242,0,0,0
869,0,0,0,0.14684772,0,0,0,0,0,0,0,0,0,0,0,0,0.78436005,0,0.064620405,0
870,0,0,0,0.10631314,0,0,0.040404677,0,0,0,0.20494996,0,0,0,0,0.2628297,0.3817337,0,0,0
871,0.05800064,0,0,0,0,0,0,0,0,0,0,0,0,0,0,0,0.9366422,0,0,0
872,0,0.068544745,0,0.13713457,0,0,0,0,0,0,0,0,0,0,0,0,0.76377106,0,0.029999064,0
873,0,0.06348493,0,0.80092543,0,0,0.032064494,0,0,0,0,0,0,0,0,0,0.10115827,0,0,0
874,0,0.33570537,0.08404337,0.5298429,0,0,0,0,0,0,0,0.01082001,0,0,0,0,0.03764023,0,0,0
875,0.6412372,0,0,0.34908536,0,0,0,0,0,0,0,0,0,0,0,0,0,0,0,0
876,0,0.058973458,0,0.07597213,0,0,0,0,0,0,0,0,0,0,0,0.018423814,0.82692885,0,0.010336693,0
877,0,0.55698913,0,0.16385417,0,0,0,0,0,0,0,0.016655883,0,0,0,0,0,0,0.26035604,0
878,0,0.72187513,0,0.27524745,0,0,0,0,0,0,0,0,0,0,0,0,0,0,0,0
879,0,0,0,0.1300018,0,0,0,0.021345178,0,0,0,0,0,0,0,0,0.82186043,0,0.02633934,0
880,0,0,0,0.33895725,0,0,0,0,0,0,0,0,0,0,0,0,0.6566093,0,0,0
881,0,0,0,0.9482295,0,0,0.01655075,0,0,0,0,0,0,0,0,0,0.032432918,0,0,0
882,0,0.021330401,0,0.48719257,0,0,0,0.09508609,0,0,0.028734373,0,0,0,0,0.08329397,0.28113678,0,0,0
883,0,0.05785675,0,0.30389035,0,0,0,0,0,0,0.07410929,0,0,0,0,0,0.33631605,0,0.22359027,0
884,0,0,0,0,0,0,0,0,0,0,0,0,0,0,0,0.15885152,0.83413553,0,0,0
885,0,0,0,0.4234044,0,0,0,0.058439203,0,0,0,0,0,0,0,0,0.09749375,0.41865763,0,0
886,0,0.76537055,0,0.16692649,0,0,0,0,0,0,0,0,0,0,0,0.06095693,0,0,0,0
887,0,0.7815193,0,0.21067351,0,0,0,0,0,0,0,0,0,0,0,0,0,0,0,0
888,0,0.68894106,0,0.076662585,0,0,0,0,0,0,0,0,0,0,0,0,0.23346534,0,0,0
889,0.1393819,0,0,0.20574802,0,0,0,0,0,0,0,0,0.029882362,0,0,0,0.6229977,0,0,0
890,0,0.39974317,0,0.44130006,0,0,0,0,0,0,0,0,0,0.020424418,0,0,0,0,0.13721876,0
891,0,0,0,0.08367749,0,0,0,0.0339802,0,0.065663464,0.100851655,0,0,0,0,0,0.7122727,0,0,0
892,0.024439009,0.75636894,0,0,0,0,0,0,0,0,0.033359103,0,0,0,0,0.18352747,0,0,0,0
893,0,0.99874836,0,0,0,0,0,0,0,0,0,0,0,0,0,0,0,0,0,0
894,0,0.6209846,0,0.041081112,0,0,0,0.06977868,0,0,0,0.0320923,0,0,0,0,0.17714302,0,0.05836297,0
895,0,0.99780595,0,0,0,0,0,0,0,0,0,0,0,0,0,0,0,0,0,0
896,0,0.99280304,0,0,0,0,0,0,0,0,0,0,0,0,0,0,0,0,0,0
897,0,0.57586265,0,0.30182293,0,0,0,0,0,0,0,0.015553755,0,0,0,0,0,0,0.10583153,0
898,0,0,0,0,0,0,0,0,0,0,0,0,0,0,0,0,0.9982727,0,0,0
899,0,0.5054677,0,0,0,0,0,0.022353621,0,0,0,0,0,0,0,0,0.47138968,0,0,0
900,0,0.07580321,0,0.13102242,0,0,0,0,0,0,0,0,0,0,0,0.2516557,0.532851,0,0,0
901,0,0.84600216,0,0.09432993,0,0,0,0,0,0,0,0,0,0,0,0,0.05235947,0,0,0
902,0.024335662,0.36400914,0,0.13250253,0,0,0.04358431,0,0,0,0,0,0,0,0,0,0.43486017,0,0,0
903,0,0.12296887,0.018293766,0.75930333,0,0.021182679,0,0,0,0,0,0,0.06917568,0,0,0,0,0,0,0
904,0,0.46641874,0.01129983,0.039324135,0,0,0,0.09868911,0,0,0,0,0.033950962,0,0,0,0.34968084,0,0,0
905,0,0.1341622,0,0,0,0,0,0,0,0,0,0,0,0,0,0.6983194,0.16477647,0,0,0
906,0,0.24226502,0,0.16029745,0,0,0,0,0.037809227,0,0,0,0,0,0,0.31159434,0.24698061,0,0,0
907,0,0.9981262,0,0,0,0,0,0,0,0,0,0,0,0,0,0,0,0,0,0
908,0,0.44129163,0,0.20016025,0,0,0,0.019414574,0,0,0,0,0,0,0,0,0.33096725,0,0,0
909,0,0,0,0.25316226,0,0,0,0,0,0,0,0,0,0,0,0,0.26438537,0.48026165,0,0
910,0,0.998695,0,0,0,0,0,0,0,0,0,0,0,0,0,0,0,0,0,0
911,0,0.54425424,0,0.08161106,0,0,0,0.10403156,0,0,0,0,0,0,0,0,0.2694135,0,0,0
912,0,0.016390417,0,0,0,0,0,0,0,0,0,0,0,0,0,0.5439511,0.43839732,0,0,0
913,0,0.58515894,0,0.05299359,0,0,0,0.058133617,0,0,0,0,0,0,0,0,0.29657274,0,0,0
914,0,0.9988154,0,0,0,0,0,0,0,0,0,0,0,0,0,0,0,0,0,0
915,0.0349696,0.087737866,0,0.13985547,0,0,0.07031495,0,0,0,0,0,0,0,0,0,0.66624904,0,0,0
916,0,0,0,0,0,0,0,0.4795247,0,0,0,0,0,0,0,0.18684912,0.3276403,0,0,0
917,0,0.022419576,0,0,0,0,0,0.21373338,0,0,0,0,0.030872764,0,0,0.097055756,0.50898486,0,0.12580466,0
918,0.07956605,0,0,0.75067264,0,0,0,0,0,0,0,0,0,0,0,0,0.15870923,0,0,0
919,0,0,0,0,0,0,0,0.17776637,0,0,0,0,0.14181891,0,0,0.052385524,0.6247505,0,0,0
920,0.4476317,0.23333673,0,0.013896671,0,0,0.04923948,0,0,0,0,0,0,0,0,0,0.24533118,0,0,0
921,0,0.4072596,0,0.42884943,0,0,0,0,0,0,0,0,0,0,0,0,0.1617115,0,0,0
922,0,0.052872725,0,0.8715889,0,0,0,0,0,0,0,0,0,0,0,0,0.073838376,0,0,0
923,0,0,0,0.25756282,0.04404489,0,0,0,0,0,0,0,0,0,0,0,0.69260997,0,0,0
924,0,0.051750194,0,0.14020292,0,0,0,0.046759497,0,0,0,0,0,0,0,0,0.76054174,0,0,0
925,0,0,0,0,0,0,0,0,0,0,0,0,0,0,0,0,0.99783105,0,0,0
926,0,0,0.14756773,0.31728917,0,0,0.03691444,0,0,0.098748095,0.10670344,0,0,0,0,0,0.26917836,0.021410223,0,0
927,0,0.581443,0,0.39752302,0,0,0,0,0,0,0,0,0,0,0,0,0,0,0.014401102,0
928,0.038659837,0,0,0,0,0,0,0,0,0,0,0,0.056011837,0,0,0,0.90451336,0,0,0
929,0,0.91046745,0,0,0,0,0,0,0,0,0,0,0,0,0,0,0,0,0.08801351,0
930,0,0.32845354,0,0.5513101,0,0.037133854,0,0,0,0,0,0,0.040222667,0,0,0,0,0,0.033600762,0
931,0,0.08902484,0,0.03690711,0,0,0,0.024896478,0,0,0,0,0.039203342,0,0,0,0.8042768,0,0,0
932,0.24323107,0,0,0,0,0,0,0.076595336,0,0,0,0,0,0,0,0,0.67909217,0,0,0
933,0,0,0,0,0,0,0,0,0,0,0,0,0,0,0,0,0.9986131,0,0,0
934,0.04190984,0,0,0.509534,0,0,0,0.0512858,0.031513404,0,0,0,0,0,0,0,0.33794564,0,0.026812727,0
935,0,0,0,0,0,0,0,0.10851262,0,0,0,0,0.052934293,0,0,0,0.8044603,0,0,0.03294009
936,0,0.19850703,0,0.09691673,0,0,0,0.18978438,0.040722243,0.0354756,0,0.05899193,0,0,0,0,0.37851697,0,0,0
937,0,0.80521363,0,0.0946084,0,0,0,0,0,0,0,0,0,0,0,0,0.09864094,0,0,0
938,0,0.5525054,0,0.42120934,0,0,0,0,0,0,0,0,0,0,0,0,0.02519132,0,0,0
939,0.21037169,0,0,0,0,0,0.020195909,0.030751035,0,0,0,0,0,0,0,0,0.73802024,0,0,0
940,0,0,0,0.7459094,0,0,0.020217631,0,0,0,0,0,0,0,0,0,0.19420023,0.031403493,0,0
941,0,0.09716061,0,0.0863225,0,0,0,0,0,0,0,0,0,0,0,0,0.81582725,0,0,0
942,0,0.9040246,0,0.07534911,0,0,0.017601414,0,0,0,0,0,0,0,0,0,0,0,0,0
943,0,0.7095146,0,0.17884217,0,0,0,0,0,0,0,0,0.034366485,0,0,0,0.052672148,0,0.024005992,0
944,0,0.38490936,0,0.49538755,0,0,0,0,0,0,0,0,0,0,0.020434791,0,0.06688229,0,0.031528827,0
945,0,0.99036276,0,0,0,0,0,0,0,0,0,0,0,0,0,0,0,0,0,0
946,0,0,0,0,0,0,0,0,0,0,0,0,0,0,0,0.021767486,0.976998,0,0,0
947,0.050888233,0.94480556,0,0,0,0,0,0,0,0,0,0,0,0,0,0,0,0,0,0
948,0,0.074185416,0,0,0,0,0,0,0,0,0,0,0,0,0,0,0.9206403,0,0,0
949,0,0.083366,0,0.09200505,0,0,0,0,0,0,0,0,0,0,0,0,0.823623,0,0,0
950,0,0,0,0.52538735,0,0,0,0,0,0,0,0,0,0,0,0,0.4722186,0,0,0
951,0,0,0,0.8751037,0,0,0.05408285,0,0,0,0,0,0,0,0,0,0.0678099,0,0,0
952,0,0,0.029736968,0.8234362,0,0,0,0,0,0,0,0,0,0,0,0,0.14489505,0,0,0
953,0,0,0,0,0,0,0,0,0,0,0,0.020135032,0,0,0,0,0.9684032,0,0,0
954,0,0.09930331,0,0.01309332,0,0,0,0.036931995,0,0,0,0.015993835,0,0,0,0,0.8174584,0,0.01670249,0
955,0.20314325,0,0,0,0,0,0,0.025232572,0,0,0,0,0,0,0,0,0.7705577,0,0,0
956,0,0.5794163,0,0.34093046,0,0,0,0,0,0,0,0,0,0,0,0,0.07877148,0,0,0
957,0,0,0,0.08255637,0,0,0.07914598,0,0,0,0,0,0,0,0,0,0.8341283,0,0,0
958,0.08244697,0,0,0,0,0,0.19638096,0,0,0,0.17680897,0,0,0,0,0,0.54221255,0,0,0
959,0,0,0,0,0,0,0,0,0,0,0,0,0,0,0,0,0.99875,0,0,0
960,0.042642433,0.83098763,0,0,0,0,0,0,0,0,0,0.02401369,0,0,0,0,0,0,0.10073025,0
961,0,0,0,0,0,0,0,0.038974833,0,0,0,0,0,0,0,0,0.9547181,0,0,0
962,0,0.14632423,0,0.026823634,0,0,0,0.025926616,0,0,0,0,0,0,0,0,0.8003096,0,0,0
963,0,0,0.036319487,0.044091955,0,0,0,0,0,0,0,0,0,0,0,0.06015872,0.85740453,0,0,0
964,0,0.10033541,0,0.06012337,0,0,0,0,0,0,0,0,0,0,0.013808875,0,0.78806794,0,0.037091903,0
965,0,0,0,0.61776835,0,0,0.1179364,0,0.022883968,0,0,0,0,0,0,0,0.24029857,0,0,0
966,0,0,0.01740219,0.81948155,0,0.013038148,0.06898013,0,0,0,0,0,0,0,0,0,0.07988246,0,0,0
967,0.016011605,0.1152246,0,0.14459816,0,0,0,0,0,0,0,0,0,0,0,0,0.7095879,0,0.013930115,0
968,0.03727007,0.028372098,0,0.49789584,0,0,0,0,0,0,0,0,0,0,0.23391648,0,0.20156258,0,0,0
969,0.09496849,0,0,0.24898657,0,0.031973585,0,0,0,0,0,0,0,0,0,0,0.62320554,0,0,0
970,0,0,0,0.7467163,0,0,0.010810578,0,0,0,0,0,0,0,0,0,0.23054227,0,0,0
971,0,0.1517995,0.013590045,0.2502343,0,0,0,0,0,0,0,0,0,0.016950432,0,0.023120087,0.54355055,0,0,0
972,0,0.19154128,0,0.2657759,0,0,0,0,0,0,0,0,0,0,0.025966514,0,0.50166124,0,0,0
